target_graph_id,target_case_group,match_rank,control_graph_id,match_distance,target_num_vertices,target_num_arcs,target_density,target_num_2cycles,target_num_3cycles,target_largest_scc_fraction,control_num_vertices,control_num_arcs,control_density,control_num_2cycles,control_num_3cycles,control_largest_scc_fraction,absdiff_num_vertices,absdiff_num_arcs,absdiff_density,absdiff_num_2cycles,absdiff_num_3cycles,absdiff_largest_scc_fraction,target_median_delta_pp,target_strict_case_c_rate,target_helpful_graph,target_harmful_graph,target_feasible_set_richness_score,target_num_exchange_candidates,target_conflict_graph_density,target_ranking_ambiguity_score,target_mean_2stage_top5_within_1pct_count,target_median_2stage_top5_diversity_from_rank1,control_median_delta_pp,control_strict_case_c_rate,control_helpful_graph,control_harmful_graph,control_feasible_set_richness_score,control_num_exchange_candidates,control_conflict_graph_density,control_ranking_ambiguity_score,control_mean_2stage_top5_within_1pct_count,control_median_2stage_top5_diversity_from_rank1
G-392.json,helpful_success,1,G-1442.json,0.6360481002697164,56.0,296.0,0.09610389610389611,3.0,12.0,0.39285714285714285,56.0,278.0,0.09025974025974026,4.0,10.0,0.375,0.0,18.0,0.005844155844155846,1.0,2.0,0.01785714285714285,24.178560594577878,1.0,1.0,0.0,-0.5235448677937531,761.0,0.7062798257140881,-0.3910484007982269,3.0,0.11688311688311692,0.0,0.0,0.0,0.0,-0.9748848253374196,451.0,0.8260655333826066,-2.37328589955601,1.0,0.20773517740429503
G-392.json,helpful_success,2,G-1287.json,0.7700912425104647,56.0,296.0,0.09610389610389611,3.0,12.0,0.39285714285714285,57.0,309.0,0.09680451127819549,4.0,14.0,0.3684210526315789,1.0,13.0,0.0007006151742993821,1.0,2.0,0.024436090225563922,24.178560594577878,1.0,1.0,0.0,-0.5235448677937531,761.0,0.7062798257140881,-0.3910484007982269,3.0,0.11688311688311692,0.0,0.0,0.0,0.0,2.6104500671219193,2037.0,0.7498883619637878,2.1523793272495046,3.04,0.3921296296296297
G-392.json,helpful_success,3,G-1323.json,0.7719745830327073,56.0,296.0,0.09610389610389611,3.0,12.0,0.39285714285714285,56.0,303.0,0.09837662337662338,6.0,11.0,0.375,0.0,7.0,0.0022727272727272735,3.0,1.0,0.01785714285714285,24.178560594577878,1.0,1.0,0.0,-0.5235448677937531,761.0,0.7062798257140881,-0.3910484007982269,3.0,0.11688311688311692,10.2621887236056,0.32,1.0,0.0,1.7420941063016337,1628.0,0.7821792569795029,2.8365037889263522,4.0,0.3590389016018307
G-392.json,helpful_success,4,G-867.json,0.8872898540338503,56.0,296.0,0.09610389610389611,3.0,12.0,0.39285714285714285,56.0,276.0,0.08961038961038961,4.0,8.0,0.4642857142857143,0.0,20.0,0.006493506493506496,1.0,4.0,0.07142857142857145,24.178560594577878,1.0,1.0,0.0,-0.5235448677937531,761.0,0.7062798257140881,-0.3910484007982269,3.0,0.11688311688311692,-1.8046516721349075,0.0,0.0,0.0,-0.6036424737321465,624.0,0.7511987076593818,2.5122651312333595,4.0,0.3500000000000001
G-392.json,helpful_success,5,G-1107.json,0.9285082351324543,56.0,296.0,0.09610389610389611,3.0,12.0,0.39285714285714285,57.0,298.0,0.09335839598997493,5.0,7.0,0.3684210526315789,1.0,2.0,0.002745500113921176,2.0,5.0,0.024436090225563922,24.178560594577878,1.0,1.0,0.0,-0.5235448677937531,761.0,0.7062798257140881,-0.3910484007982269,3.0,0.11688311688311692,0.0,0.0,0.0,0.0,0.15042883241005958,996.0,0.7181651228027689,0.06948075279355792,3.0,0.1740601503759398
G-392.json,helpful_success,6,G-664.json,0.9347734202243498,56.0,296.0,0.09610389610389611,3.0,12.0,0.39285714285714285,56.0,278.0,0.09025974025974026,6.0,10.0,0.4107142857142857,0.0,18.0,0.005844155844155846,3.0,2.0,0.01785714285714285,24.178560594577878,1.0,1.0,0.0,-0.5235448677937531,761.0,0.7062798257140881,-0.3910484007982269,3.0,0.11688311688311692,0.0,0.0,0.0,0.0,-0.45466250392437285,591.0,0.8609366485990422,1.565952709886424,3.02,0.34037857567269336
G-392.json,helpful_success,7,G-1090.json,0.941992952513631,56.0,296.0,0.09610389610389611,3.0,12.0,0.39285714285714285,56.0,274.0,0.08896103896103896,5.0,15.0,0.44642857142857145,0.0,22.0,0.007142857142857145,2.0,3.0,0.0535714285714286,24.178560594577878,1.0,1.0,0.0,-0.5235448677937531,761.0,0.7062798257140881,-0.3910484007982269,3.0,0.11688311688311692,2.2916649031408234,0.0,0.0,0.0,0.32494398150026743,1011.0,0.7230601991949936,-0.5578113244514732,2.0,0.2386128364389234
G-392.json,helpful_success,8,G-198.json,0.9459557506553117,56.0,296.0,0.09610389610389611,3.0,12.0,0.39285714285714285,56.0,288.0,0.09350649350649351,6.0,9.0,0.32142857142857145,0.0,8.0,0.0025974025974025983,3.0,3.0,0.0714285714285714,24.178560594577878,1.0,1.0,0.0,-0.5235448677937531,761.0,0.7062798257140881,-0.3910484007982269,3.0,0.11688311688311692,0.0,0.0,0.0,0.0,-0.04007029655060845,944.0,0.7423679386020094,0.12925320999704895,2.14,0.304411530498487
G-392.json,helpful_success,9,G-931.json,0.9571617912450336,56.0,296.0,0.09610389610389611,3.0,12.0,0.39285714285714285,57.0,291.0,0.09116541353383459,4.0,6.0,0.43859649122807015,1.0,5.0,0.00493848257006152,1.0,6.0,0.0457393483709273,24.178560594577878,1.0,1.0,0.0,-0.5235448677937531,761.0,0.7062798257140881,-0.3910484007982269,3.0,0.11688311688311692,0.0,0.0,0.0,0.0,-0.6204295392599107,728.0,0.7246323140408423,0.21961516515034418,3.0,0.1654411764705883
G-392.json,helpful_success,10,G-765.json,0.9784594473422145,56.0,296.0,0.09610389610389611,3.0,12.0,0.39285714285714285,57.0,284.0,0.08897243107769423,3.0,7.0,0.43859649122807015,1.0,12.0,0.0071314650262018775,0.0,5.0,0.0457393483709273,24.178560594577878,1.0,1.0,0.0,-0.5235448677937531,761.0,0.7062798257140881,-0.3910484007982269,3.0,0.11688311688311692,2.777238047030525,0.0,0.0,0.0,-0.5784465481191111,874.0,0.8297959900498295,-2.590361240442361,1.0,0.12289301685586507
G-392.json,helpful_success,11,G-224.json,1.0252489523293502,56.0,296.0,0.09610389610389611,3.0,12.0,0.39285714285714285,57.0,305.0,0.09555137844611529,4.0,18.0,0.47368421052631576,1.0,9.0,0.0005525176577808183,1.0,6.0,0.08082706766917291,24.178560594577878,1.0,1.0,0.0,-0.5235448677937531,761.0,0.7062798257140881,-0.3910484007982269,3.0,0.11688311688311692,0.0,0.0,0.0,0.0,0.03773611492020146,959.0,0.7491754850760077,2.021747016443517,2.7,0.42101676434510016
G-392.json,helpful_success,12,G-1990.json,1.0452351022591022,56.0,296.0,0.09610389610389611,3.0,12.0,0.39285714285714285,56.0,293.0,0.09512987012987013,7.0,13.0,0.44642857142857145,0.0,3.0,0.0009740259740259744,4.0,1.0,0.0535714285714286,24.178560594577878,1.0,1.0,0.0,-0.5235448677937531,761.0,0.7062798257140881,-0.3910484007982269,3.0,0.11688311688311692,-2.3509078349152785,0.0,0.0,0.0,0.3848506184609367,987.0,0.774132690493659,1.5609871307219512,4.02,0.21477272727272723
G-392.json,helpful_success,13,G-1840.json,1.088962835803884,56.0,296.0,0.09610389610389611,3.0,12.0,0.39285714285714285,56.0,278.0,0.09025974025974026,3.0,5.0,0.2857142857142857,0.0,18.0,0.005844155844155846,0.0,7.0,0.10714285714285715,24.178560594577878,1.0,1.0,0.0,-0.5235448677937531,761.0,0.7062798257140881,-0.3910484007982269,3.0,0.11688311688311692,1.0505354467035941,0.0,0.0,0.0,-0.9159447186049915,227.0,0.7582550387899107,-2.5121547823170776,1.0,0.21978021978021978
G-392.json,helpful_success,14,G-1186.json,1.0956595728340466,56.0,296.0,0.09610389610389611,3.0,12.0,0.39285714285714285,56.0,302.0,0.09805194805194806,7.0,7.0,0.42857142857142855,0.0,6.0,0.0019480519480519487,4.0,5.0,0.0357142857142857,24.178560594577878,1.0,1.0,0.0,-0.5235448677937531,761.0,0.7062798257140881,-0.3910484007982269,3.0,0.11688311688311692,0.0,0.0,0.0,0.0,-0.29077314281772726,76.0,0.6301754385964913,-1.0664486431217166,1.0,0.3764705882352941
G-392.json,helpful_success,15,G-1161.json,1.0999548674036521,56.0,296.0,0.09610389610389611,3.0,12.0,0.39285714285714285,56.0,295.0,0.09577922077922078,5.0,24.0,0.4107142857142857,0.0,1.0,0.0003246753246753248,2.0,12.0,0.01785714285714285,24.178560594577878,1.0,1.0,0.0,-0.5235448677937531,761.0,0.7062798257140881,-0.3910484007982269,3.0,0.11688311688311692,-7.696177670798717,0.0,0.0,0.0,0.21176141077451732,817.0,0.8008885928912569,2.81176177378142,3.0,0.44804347826086954
G-392.json,helpful_success,16,G-154.json,1.1302839023480042,56.0,296.0,0.09610389610389611,3.0,12.0,0.39285714285714285,57.0,282.0,0.08834586466165413,5.0,12.0,0.3157894736842105,1.0,14.0,0.007758031442241978,2.0,0.0,0.07706766917293234,24.178560594577878,1.0,1.0,0.0,-0.5235448677937531,761.0,0.7062798257140881,-0.3910484007982269,3.0,0.11688311688311692,-1.990812489821483,0.0,0.0,0.0,-0.375016442627089,698.0,0.8982129716796915,2.3492618788596342,3.0,0.4385233918128655
G-392.json,helpful_success,17,G-747.json,1.1363464390329279,56.0,296.0,0.09610389610389611,3.0,12.0,0.39285714285714285,56.0,281.0,0.09123376623376624,6.0,7.0,0.30357142857142855,0.0,15.0,0.004870129870129872,3.0,5.0,0.0892857142857143,24.178560594577878,1.0,1.0,0.0,-0.5235448677937531,761.0,0.7062798257140881,-0.3910484007982269,3.0,0.11688311688311692,4.901841432966798,0.0,0.0,0.0,-0.17594315632514862,622.0,0.8396010997716575,-0.19745369045782732,2.0,0.2926282051282052
G-392.json,helpful_success,18,G-1335.json,1.1387960600139253,56.0,296.0,0.09610389610389611,3.0,12.0,0.39285714285714285,57.0,280.0,0.08771929824561403,3.0,12.0,0.49122807017543857,1.0,16.0,0.008384597858282078,0.0,0.0,0.09837092731829572,24.178560594577878,1.0,1.0,0.0,-0.5235448677937531,761.0,0.7062798257140881,-0.3910484007982269,3.0,0.11688311688311692,0.781685164052468,0.0,0.0,0.0,0.41581918641813487,1326.0,0.756093229744728,1.7706248213966604,5.0,0.15535714285714297
G-392.json,helpful_success,19,G-429.json,1.143575933788277,56.0,296.0,0.09610389610389611,3.0,12.0,0.39285714285714285,56.0,272.0,0.08831168831168831,6.0,6.0,0.39285714285714285,0.0,24.0,0.007792207792207795,3.0,6.0,0.0,24.178560594577878,1.0,1.0,0.0,-0.5235448677937531,761.0,0.7062798257140881,-0.3910484007982269,3.0,0.11688311688311692,1.0544471810656528,0.0,0.0,0.0,-0.030082182802800284,909.0,0.8074977101234353,0.281088625191543,3.0,0.16993464052287588
G-392.json,helpful_success,20,G-1301.json,1.1453622094829605,56.0,296.0,0.09610389610389611,3.0,12.0,0.39285714285714285,57.0,277.0,0.08677944862155389,3.0,7.0,0.45614035087719296,1.0,19.0,0.009324447482342221,0.0,5.0,0.06328320802005011,24.178560594577878,1.0,1.0,0.0,-0.5235448677937531,761.0,0.7062798257140881,-0.3910484007982269,3.0,0.11688311688311692,1.4122879486436162,0.0,0.0,0.0,-0.5971973359612547,228.0,0.8581420511631501,2.932785215704747,4.08,0.3909090909090909
G-1285.json,helpful_success,1,G-1040.json,0.8461242967966544,59.0,202.0,0.05902980713033314,8.0,9.0,0.3050847457627119,59.0,199.0,0.0581531268264173,5.0,14.0,0.288135593220339,0.0,3.0,0.0008766803039158347,3.0,5.0,0.01694915254237289,22.362259859222338,1.0,1.0,0.0,-1.0585279607607738,269.0,0.8850080452754814,1.934447021329882,2.0,0.5135416666666667,0.0,0.0,0.0,0.0,-0.21071186046946827,817.0,0.836999304005568,-2.7382763585301535,1.0,0.3024896800825594
G-1285.json,helpful_success,2,G-1789.json,0.9187004198852416,59.0,202.0,0.05902980713033314,8.0,9.0,0.3050847457627119,59.0,224.0,0.06545879602571596,7.0,7.0,0.3898305084745763,0.0,22.0,0.00642898889538282,1.0,2.0,0.0847457627118644,22.362259859222338,1.0,1.0,0.0,-1.0585279607607738,269.0,0.8850080452754814,1.934447021329882,2.0,0.5135416666666667,0.0,0.0,0.0,0.0,-0.6990393746826692,368.0,0.6993099158867433,0.7230829270439159,3.0,0.2784882689773994
G-1285.json,helpful_success,3,G-1182.json,1.0635948769379224,59.0,202.0,0.05902980713033314,8.0,9.0,0.3050847457627119,59.0,196.0,0.05727644652250146,4.0,5.0,0.2711864406779661,0.0,6.0,0.0017533606078316763,4.0,4.0,0.03389830508474578,22.362259859222338,1.0,1.0,0.0,-1.0585279607607738,269.0,0.8850080452754814,1.934447021329882,2.0,0.5135416666666667,0.0,0.0,0.0,0.0,-1.0249656384150805,351.0,0.7112739112739113,1.318126184806831,2.0,0.40956558061821224
G-1285.json,helpful_success,4,G-1940.json,1.0872703969589166,59.0,202.0,0.05902980713033314,8.0,9.0,0.3050847457627119,59.0,221.0,0.06458211572180012,5.0,9.0,0.3898305084745763,0.0,19.0,0.005552308591466978,3.0,0.0,0.0847457627118644,22.362259859222338,1.0,1.0,0.0,-1.0585279607607738,269.0,0.8850080452754814,1.934447021329882,2.0,0.5135416666666667,0.0,0.0,0.0,0.0,-1.2157187253975164,383.0,0.6639919073722199,-3.274259208854234,1.0,0.11166007905138342
G-1285.json,helpful_success,5,G-1496.json,1.2007336141736629,59.0,202.0,0.05902980713033314,8.0,9.0,0.3050847457627119,59.0,166.0,0.04850964348334307,7.0,6.0,0.3728813559322034,0.0,36.0,0.010520163646990065,1.0,3.0,0.06779661016949151,22.362259859222338,1.0,1.0,0.0,-1.0585279607607738,269.0,0.8850080452754814,1.934447021329882,2.0,0.5135416666666667,3.6276891594921548,0.0,0.0,0.0,-0.658401738079199,512.0,0.7081396771037182,2.3206030753517006,5.0,0.18841991341991338
G-1285.json,helpful_success,6,G-644.json,1.2063135001780771,59.0,202.0,0.05902980713033314,8.0,9.0,0.3050847457627119,58.0,228.0,0.06896551724137931,8.0,5.0,0.2413793103448276,1.0,26.0,0.009935710111046173,0.0,4.0,0.06370543541788429,22.362259859222338,1.0,1.0,0.0,-1.0585279607607738,269.0,0.8850080452754814,1.934447021329882,2.0,0.5135416666666667,3.0607041946395075,0.0,0.0,0.0,-0.712289432374299,400.0,0.7927944862155388,0.2625026277558954,1.84,0.35879527249496296
G-1285.json,helpful_success,7,G-514.json,1.231879796980597,59.0,202.0,0.05902980713033314,8.0,9.0,0.3050847457627119,59.0,196.0,0.05727644652250146,3.0,10.0,0.288135593220339,0.0,6.0,0.0017533606078316763,5.0,1.0,0.01694915254237289,22.362259859222338,1.0,1.0,0.0,-1.0585279607607738,269.0,0.8850080452754814,1.934447021329882,2.0,0.5135416666666667,-2.855592494482668,0.0,0.0,0.0,-1.2306738691382848,299.0,0.8461313999685753,-0.5153555856254057,1.0,0.3930555555555556
G-1285.json,helpful_success,8,G-1466.json,1.2420808714285247,59.0,202.0,0.05902980713033314,8.0,9.0,0.3050847457627119,60.0,202.0,0.05706214689265537,4.0,8.0,0.36666666666666664,1.0,0.0,0.0019676602376777694,4.0,1.0,0.06158192090395476,22.362259859222338,1.0,1.0,0.0,-1.0585279607607738,269.0,0.8850080452754814,1.934447021329882,2.0,0.5135416666666667,-11.346354807161203,0.0,0.0,1.0,-1.3989755876253587,367.0,0.810172570390554,-1.9652251589311285,1.12,0.21740196078431373
G-1285.json,helpful_success,9,G-882.json,1.248735072097884,59.0,202.0,0.05902980713033314,8.0,9.0,0.3050847457627119,58.0,193.0,0.05837870538415003,4.0,11.0,0.3620689655172414,1.0,9.0,0.0006511017461831095,4.0,2.0,0.0569842197545295,22.362259859222338,1.0,1.0,0.0,-1.0585279607607738,269.0,0.8850080452754814,1.934447021329882,2.0,0.5135416666666667,0.0,0.0,0.0,0.0,-1.0123367738274571,530.0,0.7864108142811285,0.32811336475278574,1.46,0.42806045863321407
G-1285.json,helpful_success,10,G-471.json,1.2617053957750999,59.0,202.0,0.05902980713033314,8.0,9.0,0.3050847457627119,60.0,192.0,0.05423728813559322,4.0,13.0,0.3,1.0,10.0,0.004792518994739918,4.0,4.0,0.005084745762711895,22.362259859222338,1.0,1.0,0.0,-1.0585279607607738,269.0,0.8850080452754814,1.934447021329882,2.0,0.5135416666666667,0.0,0.0,0.0,0.0,-0.8596128499804432,510.0,0.8364112639161755,-1.335359560999129,1.0,0.35849673202614385
G-1285.json,helpful_success,11,G-1506.json,1.312700130078569,59.0,202.0,0.05902980713033314,8.0,9.0,0.3050847457627119,60.0,217.0,0.06129943502824859,6.0,14.0,0.43333333333333335,1.0,15.0,0.0022696278979154536,2.0,5.0,0.12824858757062146,22.362259859222338,1.0,1.0,0.0,-1.0585279607607738,269.0,0.8850080452754814,1.934447021329882,2.0,0.5135416666666667,0.0,0.0,0.0,0.0,-0.6832959723621863,604.0,0.8205221134943385,-0.7041243676136648,2.04,0.21207430340557276
G-1285.json,helpful_success,12,G-1478.json,1.346670744419091,59.0,202.0,0.05902980713033314,8.0,9.0,0.3050847457627119,58.0,197.0,0.05958862673926195,4.0,6.0,0.39655172413793105,1.0,5.0,0.0005588196089288122,4.0,3.0,0.09146697837521917,22.362259859222338,1.0,1.0,0.0,-1.0585279607607738,269.0,0.8850080452754814,1.934447021329882,2.0,0.5135416666666667,0.0,0.0,0.0,0.0,-0.8867783565553486,587.0,0.7132291805966591,-1.3864717312771078,2.0,0.1546052631578947
G-1285.json,helpful_success,13,G-375.json,1.367825839671159,59.0,202.0,0.05902980713033314,8.0,9.0,0.3050847457627119,59.0,239.0,0.06984219754529515,5.0,4.0,0.288135593220339,0.0,37.0,0.010812390414962014,3.0,5.0,0.01694915254237289,22.362259859222338,1.0,1.0,0.0,-1.0585279607607738,269.0,0.8850080452754814,1.934447021329882,2.0,0.5135416666666667,-8.27700962992246,0.0,0.0,0.0,-1.0358963240006305,382.0,0.7571285264734579,4.759402774266825,5.0,0.4832161125319694
G-1285.json,helpful_success,14,G-102.json,1.3718564367349446,59.0,202.0,0.05902980713033314,8.0,9.0,0.3050847457627119,59.0,188.0,0.05493863237872589,3.0,11.0,0.3728813559322034,0.0,14.0,0.004091174751607245,5.0,2.0,0.06779661016949151,22.362259859222338,1.0,1.0,0.0,-1.0585279607607738,269.0,0.8850080452754814,1.934447021329882,2.0,0.5135416666666667,0.0,0.0,0.0,0.0,-0.36978474223790336,72.0,0.7347417840375586,-2.2838300869975976,1.0,0.286904761904762
G-1285.json,helpful_success,15,G-1947.json,1.378272808838787,59.0,202.0,0.05902980713033314,8.0,9.0,0.3050847457627119,58.0,171.0,0.05172413793103448,6.0,8.0,0.41379310344827586,1.0,31.0,0.007305669199298655,2.0,1.0,0.10870835768556397,22.362259859222338,1.0,1.0,0.0,-1.0585279607607738,269.0,0.8850080452754814,1.934447021329882,2.0,0.5135416666666667,0.0,0.0,0.0,0.0,-0.7513641592837395,402.0,0.7752385206138882,-0.39408187244968174,3.0,0.17333333333333334
G-1285.json,helpful_success,16,G-1605.json,1.4191841977699737,59.0,202.0,0.05902980713033314,8.0,9.0,0.3050847457627119,59.0,224.0,0.06545879602571596,4.0,0.0,0.2542372881355932,0.0,22.0,0.00642898889538282,4.0,9.0,0.050847457627118675,22.362259859222338,1.0,1.0,0.0,-1.0585279607607738,269.0,0.8850080452754814,1.934447021329882,2.0,0.5135416666666667,0.0,0.0,0.0,0.0,-1.613970514711161,201.0,0.6254228855721393,-1.239613597824222,1.0,0.3155019902697921
G-1285.json,helpful_success,17,G-433.json,1.4245515439510574,59.0,202.0,0.05902980713033314,8.0,9.0,0.3050847457627119,57.0,206.0,0.06453634085213032,6.0,12.0,0.3157894736842105,2.0,4.0,0.0055065337217971855,2.0,3.0,0.010704727921498625,22.362259859222338,1.0,1.0,0.0,-1.0585279607607738,269.0,0.8850080452754814,1.934447021329882,2.0,0.5135416666666667,0.0,0.0,0.0,0.0,-0.8465764106251366,378.0,0.8463924325993292,-1.175912669386577,2.0,0.29861111111111116
G-1285.json,helpful_success,18,G-1650.json,1.4385102674231531,59.0,202.0,0.05902980713033314,8.0,9.0,0.3050847457627119,57.0,196.0,0.06140350877192982,6.0,4.0,0.3333333333333333,2.0,6.0,0.0023737016415966844,2.0,5.0,0.02824858757062143,22.362259859222338,1.0,1.0,0.0,-1.0585279607607738,269.0,0.8850080452754814,1.934447021329882,2.0,0.5135416666666667,0.0,0.0,0.0,0.0,-1.3749340361263087,474.0,0.8112148865754989,-3.8329193649160955,1.0,0.15373774509803917
G-1285.json,helpful_success,19,G-407.json,1.4433621885532817,59.0,202.0,0.05902980713033314,8.0,9.0,0.3050847457627119,59.0,213.0,0.06224430157802455,3.0,4.0,0.22033898305084745,0.0,11.0,0.00321449444769141,5.0,5.0,0.08474576271186443,22.362259859222338,1.0,1.0,0.0,-1.0585279607607738,269.0,0.8850080452754814,1.934447021329882,2.0,0.5135416666666667,0.6662434438837664,0.0,0.0,0.0,-0.9842457092422494,402.0,0.7639235245220283,-0.9143973209858536,2.0,0.11856617647058831
G-1285.json,helpful_success,20,G-1606.json,1.4460502747725594,59.0,202.0,0.05902980713033314,8.0,9.0,0.3050847457627119,58.0,189.0,0.05716878402903811,5.0,1.0,0.1896551724137931,1.0,13.0,0.0018610231012950243,3.0,8.0,0.11542957334891879,22.362259859222338,1.0,1.0,0.0,-1.0585279607607738,269.0,0.8850080452754814,1.934447021329882,2.0,0.5135416666666667,0.0,0.0,0.0,0.0,-0.8596848347368681,202.0,0.7791734397320329,-4.2691897011431035,1.0,0.21006944444444442
G-1560.json,helpful_success,1,G-542.json,0.24776201847967355,56.0,262.0,0.08506493506493507,8.0,20.0,0.42857142857142855,56.0,269.0,0.08733766233766234,8.0,20.0,0.4107142857142857,0.0,7.0,0.0022727272727272735,0.0,0.0,0.01785714285714285,35.37441234249151,1.0,1.0,0.0,-0.6463609927220126,241.0,0.8199861687413554,-0.6631446322160364,1.0,0.41977671878346534,0.0,0.0,0.0,0.0,1.1409284004820681,1188.0,0.8024800093039351,-1.0536038352272568,2.0,0.20898268398268405
G-1560.json,helpful_success,2,G-1983.json,0.3147591743904775,56.0,262.0,0.08506493506493507,8.0,20.0,0.42857142857142855,56.0,268.0,0.08701298701298701,7.0,19.0,0.42857142857142855,0.0,6.0,0.0019480519480519487,1.0,1.0,0.0,35.37441234249151,1.0,1.0,0.0,-0.6463609927220126,241.0,0.8199861687413554,-0.6631446322160364,1.0,0.41977671878346534,0.0,0.0,0.0,0.0,0.9727072168154435,1223.0,0.6975923816966945,-1.963592214780749,1.0,0.21376811594202894
G-1560.json,helpful_success,3,G-1460.json,0.48230656967123736,56.0,262.0,0.08506493506493507,8.0,20.0,0.42857142857142855,56.0,256.0,0.08311688311688312,8.0,17.0,0.48214285714285715,0.0,6.0,0.0019480519480519487,0.0,3.0,0.0535714285714286,35.37441234249151,1.0,1.0,0.0,-0.6463609927220126,241.0,0.8199861687413554,-0.6631446322160364,1.0,0.41977671878346534,6.315014637214135,0.0,0.0,0.0,0.3110864179628102,1077.0,0.8172001256415832,4.104164945178661,5.0,0.402227038973182
G-1560.json,helpful_success,4,G-145.json,0.616479666907533,56.0,262.0,0.08506493506493507,8.0,20.0,0.42857142857142855,56.0,267.0,0.08668831168831169,10.0,24.0,0.4107142857142857,0.0,5.0,0.001623376623376624,2.0,4.0,0.01785714285714285,35.37441234249151,1.0,1.0,0.0,-0.6463609927220126,241.0,0.8199861687413554,-0.6631446322160364,1.0,0.41977671878346534,0.5998261633370507,0.0,0.0,0.0,2.0926814669489047,1489.0,0.7677312838955206,2.333670123755774,5.0,0.2178147939017504
G-1560.json,helpful_success,5,G-191.json,0.6584580495149261,56.0,262.0,0.08506493506493507,8.0,20.0,0.42857142857142855,56.0,270.0,0.08766233766233766,6.0,20.0,0.375,0.0,8.0,0.0025974025974025983,2.0,0.0,0.05357142857142855,35.37441234249151,1.0,1.0,0.0,-0.6463609927220126,241.0,0.8199861687413554,-0.6631446322160364,1.0,0.41977671878346534,15.458823466060393,1.0,1.0,0.0,0.4426515386084598,1028.0,0.8180469729748161,4.852842859289417,4.7,0.5480911330049261
G-1560.json,helpful_success,6,G-663.json,0.702520975710325,56.0,262.0,0.08506493506493507,8.0,20.0,0.42857142857142855,56.0,260.0,0.08441558441558442,10.0,14.0,0.44642857142857145,0.0,2.0,0.0006493506493506496,2.0,6.0,0.017857142857142905,35.37441234249151,1.0,1.0,0.0,-0.6463609927220126,241.0,0.8199861687413554,-0.6631446322160364,1.0,0.41977671878346534,0.0,0.0,0.0,0.0,0.05757159467820197,856.0,0.746991310050828,2.9264882362964815,5.0,0.33306623931623935
G-1560.json,helpful_success,7,G-64.json,0.7260761982943787,56.0,262.0,0.08506493506493507,8.0,20.0,0.42857142857142855,56.0,271.0,0.08798701298701299,7.0,21.0,0.5178571428571429,0.0,9.0,0.002922077922077923,1.0,1.0,0.08928571428571436,35.37441234249151,1.0,1.0,0.0,-0.6463609927220126,241.0,0.8199861687413554,-0.6631446322160364,1.0,0.41977671878346534,0.0,0.0,0.0,0.0,-0.47439898321087914,533.0,0.6911580075893298,-0.24295853501130016,3.0,0.13538461538461533
G-1560.json,helpful_success,8,G-1355.json,0.7317246589611602,56.0,262.0,0.08506493506493507,8.0,20.0,0.42857142857142855,56.0,274.0,0.08896103896103896,9.0,13.0,0.4107142857142857,0.0,12.0,0.0038961038961038974,1.0,7.0,0.01785714285714285,35.37441234249151,1.0,1.0,0.0,-0.6463609927220126,241.0,0.8199861687413554,-0.6631446322160364,1.0,0.41977671878346534,-0.19342191659701236,0.0,0.0,0.0,1.0486404812215433,1360.0,0.8116976150283512,-3.2333833434325947,1.0,0.19707556935817805
G-1560.json,helpful_success,9,G-907.json,0.7541953894883954,56.0,262.0,0.08506493506493507,8.0,20.0,0.42857142857142855,56.0,257.0,0.08344155844155844,7.0,14.0,0.5,0.0,5.0,0.001623376623376624,1.0,6.0,0.07142857142857145,35.37441234249151,1.0,1.0,0.0,-0.6463609927220126,241.0,0.8199861687413554,-0.6631446322160364,1.0,0.41977671878346534,-0.42132007760629175,0.0,0.0,0.0,0.7061615272682422,1275.0,0.6978619139963678,2.8503880548130685,5.0,0.24933687002652527
G-1560.json,helpful_success,10,G-1349.json,0.8093244414754265,56.0,262.0,0.08506493506493507,8.0,20.0,0.42857142857142855,56.0,251.0,0.08149350649350649,6.0,17.0,0.35714285714285715,0.0,11.0,0.0035714285714285726,2.0,3.0,0.0714285714285714,35.37441234249151,1.0,1.0,0.0,-0.6463609927220126,241.0,0.8199861687413554,-0.6631446322160364,1.0,0.41977671878346534,-5.952728853994822,0.0,0.0,0.0,-0.7702697606110915,498.0,0.8455633398786292,0.11032957592728702,2.0,0.29953703703703716
G-1560.json,helpful_success,11,G-317.json,0.8102615128521089,56.0,262.0,0.08506493506493507,8.0,20.0,0.42857142857142855,56.0,259.0,0.08409090909090909,10.0,25.0,0.5,0.0,3.0,0.0009740259740259744,2.0,5.0,0.07142857142857145,35.37441234249151,1.0,1.0,0.0,-0.6463609927220126,241.0,0.8199861687413554,-0.6631446322160364,1.0,0.41977671878346534,0.0,0.0,0.0,0.0,1.340051866675822,1126.0,0.7874971383461614,-0.3452563525879878,3.0,0.13935897435897437
G-1560.json,helpful_success,12,G-1699.json,0.8244345616794732,56.0,262.0,0.08506493506493507,8.0,20.0,0.42857142857142855,56.0,281.0,0.09123376623376624,10.0,24.0,0.42857142857142855,0.0,19.0,0.006168831168831171,2.0,4.0,0.0,35.37441234249151,1.0,1.0,0.0,-0.6463609927220126,241.0,0.8199861687413554,-0.6631446322160364,1.0,0.41977671878346534,-1.3832744265297308,0.0,0.0,0.0,2.199518467239387,1548.0,0.7715266189958393,0.6808321974164887,2.0,0.3109022556390977
G-1560.json,helpful_success,13,G-956.json,0.8405304769958512,56.0,262.0,0.08506493506493507,8.0,20.0,0.42857142857142855,56.0,287.0,0.09318181818181819,9.0,20.0,0.4642857142857143,0.0,25.0,0.00811688311688312,1.0,0.0,0.035714285714285754,35.37441234249151,1.0,1.0,0.0,-0.6463609927220126,241.0,0.8199861687413554,-0.6631446322160364,1.0,0.41977671878346534,0.0,0.0,0.0,0.0,-0.07755319133001243,345.0,0.7676103808560836,-4.0711322883856695,1.0,0.1601731601731602
G-1560.json,helpful_success,14,G-1110.json,0.8531470098956767,56.0,262.0,0.08506493506493507,8.0,20.0,0.42857142857142855,57.0,258.0,0.08082706766917293,10.0,21.0,0.42105263157894735,1.0,4.0,0.004237867395762138,2.0,1.0,0.007518796992481203,35.37441234249151,1.0,1.0,0.0,-0.6463609927220126,241.0,0.8199861687413554,-0.6631446322160364,1.0,0.41977671878346534,12.768893129006125,1.0,1.0,0.0,2.194258712427446,1621.0,0.8488823390530156,1.5128474384678523,3.28,0.29404682274247484
G-1560.json,helpful_success,15,G-340.json,0.8971202058487481,56.0,262.0,0.08506493506493507,8.0,20.0,0.42857142857142855,57.0,270.0,0.08458646616541353,7.0,19.0,0.5087719298245614,1.0,8.0,0.00047846889952153637,1.0,1.0,0.08020050125313288,35.37441234249151,1.0,1.0,0.0,-0.6463609927220126,241.0,0.8199861687413554,-0.6631446322160364,1.0,0.41977671878346534,-5.681965703258479,0.0,0.0,0.0,0.08292735079850158,892.0,0.772890841650184,0.18890751608364198,2.8,0.18841991341991338
G-1560.json,helpful_success,16,G-1149.json,0.9017767511499708,56.0,262.0,0.08506493506493507,8.0,20.0,0.42857142857142855,57.0,264.0,0.08270676691729323,9.0,13.0,0.43859649122807015,1.0,2.0,0.002358168147641837,1.0,7.0,0.010025062656641603,35.37441234249151,1.0,1.0,0.0,-0.6463609927220126,241.0,0.8199861687413554,-0.6631446322160364,1.0,0.41977671878346534,0.0,0.0,0.0,0.0,0.6460323432828752,1072.0,0.7282425407974135,-0.020717260907950452,2.46,0.2221491228070176
G-1560.json,helpful_success,17,G-1090.json,0.9191560018996834,56.0,262.0,0.08506493506493507,8.0,20.0,0.42857142857142855,56.0,274.0,0.08896103896103896,5.0,15.0,0.44642857142857145,0.0,12.0,0.0038961038961038974,3.0,5.0,0.017857142857142905,35.37441234249151,1.0,1.0,0.0,-0.6463609927220126,241.0,0.8199861687413554,-0.6631446322160364,1.0,0.41977671878346534,2.2916649031408234,0.0,0.0,0.0,0.32494398150026743,1011.0,0.7230601991949936,-0.5578113244514732,2.0,0.2386128364389234
G-1560.json,helpful_success,18,G-548.json,0.9406151761126471,56.0,262.0,0.08506493506493507,8.0,20.0,0.42857142857142855,57.0,287.0,0.08991228070175439,7.0,20.0,0.40350877192982454,1.0,25.0,0.004847345636819322,1.0,0.0,0.02506265664160401,35.37441234249151,1.0,1.0,0.0,-0.6463609927220126,241.0,0.8199861687413554,-0.6631446322160364,1.0,0.41977671878346534,0.0,0.0,0.0,0.0,0.9724898382815842,1156.0,0.7263859554516994,1.8113362473186498,5.0,0.18841991341991338
G-1560.json,helpful_success,19,G-511.json,0.9459240871017013,56.0,262.0,0.08506493506493507,8.0,20.0,0.42857142857142855,56.0,245.0,0.07954545454545454,9.0,12.0,0.48214285714285715,0.0,17.0,0.005519480519480521,1.0,8.0,0.0535714285714286,35.37441234249151,1.0,1.0,0.0,-0.6463609927220126,241.0,0.8199861687413554,-0.6631446322160364,1.0,0.41977671878346534,0.0,0.0,0.0,0.0,-0.6346879561908612,491.0,0.6692796874350555,-0.9004165387996639,2.0,0.22772727272727267
G-1560.json,helpful_success,20,G-1385.json,0.9465910139151628,56.0,262.0,0.08506493506493507,8.0,20.0,0.42857142857142855,55.0,272.0,0.09158249158249158,10.0,18.0,0.43636363636363634,1.0,10.0,0.006517556517556519,2.0,2.0,0.007792207792207795,35.37441234249151,1.0,1.0,0.0,-0.6463609927220126,241.0,0.8199861687413554,-0.6631446322160364,1.0,0.41977671878346534,0.0,0.0,0.0,0.0,-0.06601906599357261,642.0,0.8021102152497315,-1.2124871315302803,2.0,0.13794903926482882
G-1169.json,helpful_success,1,G-1375.json,1.0488581815589364,55.0,321.0,0.10808080808080808,7.0,15.0,0.43636363636363634,56.0,305.0,0.09902597402597403,8.0,12.0,0.48214285714285715,1.0,16.0,0.009054834054834052,1.0,3.0,0.04577922077922081,10.669002806093564,1.0,1.0,0.0,-0.5137545391462635,621.0,0.734787803231001,4.154804199530995,4.34,0.4934227330779055,-5.121075268125919,0.0,0.0,0.0,1.3414925305695433,1516.0,0.691085625712967,0.17844739398364629,3.2,0.18340579710144933
G-1169.json,helpful_success,2,G-976.json,1.0548454617348948,55.0,321.0,0.10808080808080808,7.0,15.0,0.43636363636363634,54.0,314.0,0.10971348707197764,8.0,23.0,0.5,1.0,7.0,0.0016326789911695616,1.0,8.0,0.06363636363636366,10.669002806093564,1.0,1.0,0.0,-0.5137545391462635,621.0,0.734787803231001,4.154804199530995,4.34,0.4934227330779055,1.4626614500681505,0.0,0.0,0.0,3.0057617568623005,1897.0,0.7651249252094691,-0.6477132825011058,2.0,0.14514492753623198
G-1169.json,helpful_success,3,G-1220.json,1.129608109551788,55.0,321.0,0.10808080808080808,7.0,15.0,0.43636363636363634,56.0,318.0,0.10324675324675325,7.0,19.0,0.5535714285714286,1.0,3.0,0.0048340548340548295,0.0,4.0,0.11720779220779226,10.669002806093564,1.0,1.0,0.0,-0.5137545391462635,621.0,0.734787803231001,4.154804199530995,4.34,0.4934227330779055,-2.7073603268196798,0.0,0.0,0.0,1.2060675098123985,1319.0,0.8131407317586666,2.086119830862722,3.34,0.3259803921568628
G-1169.json,helpful_success,4,G-287.json,1.1425428199277932,55.0,321.0,0.10808080808080808,7.0,15.0,0.43636363636363634,56.0,319.0,0.10357142857142858,10.0,19.0,0.375,1.0,2.0,0.004509379509379505,3.0,4.0,0.06136363636363634,10.669002806093564,1.0,1.0,0.0,-0.5137545391462635,621.0,0.734787803231001,4.154804199530995,4.34,0.4934227330779055,0.0,0.0,0.0,0.0,1.6113006069832716,1398.0,0.7749489760912153,-0.47670420465400554,2.0,0.18841991341991338
G-1169.json,helpful_success,5,G-1323.json,1.1460667299852245,55.0,321.0,0.10808080808080808,7.0,15.0,0.43636363636363634,56.0,303.0,0.09837662337662338,6.0,11.0,0.375,1.0,18.0,0.009704184704184701,1.0,4.0,0.06136363636363634,10.669002806093564,1.0,1.0,0.0,-0.5137545391462635,621.0,0.734787803231001,4.154804199530995,4.34,0.4934227330779055,10.2621887236056,0.32,1.0,0.0,1.7420941063016337,1628.0,0.7821792569795029,2.8365037889263522,4.0,0.3590389016018307
G-1169.json,helpful_success,6,G-1186.json,1.2003651462300444,55.0,321.0,0.10808080808080808,7.0,15.0,0.43636363636363634,56.0,302.0,0.09805194805194806,7.0,7.0,0.42857142857142855,1.0,19.0,0.010028860028860026,0.0,8.0,0.007792207792207795,10.669002806093564,1.0,1.0,0.0,-0.5137545391462635,621.0,0.734787803231001,4.154804199530995,4.34,0.4934227330779055,0.0,0.0,0.0,0.0,-0.29077314281772726,76.0,0.6301754385964913,-1.0664486431217166,1.0,0.3764705882352941
G-1169.json,helpful_success,7,G-1990.json,1.2408286097374355,55.0,321.0,0.10808080808080808,7.0,15.0,0.43636363636363634,56.0,293.0,0.09512987012987013,7.0,13.0,0.44642857142857145,1.0,28.0,0.012950937950937949,0.0,2.0,0.01006493506493511,10.669002806093564,1.0,1.0,0.0,-0.5137545391462635,621.0,0.734787803231001,4.154804199530995,4.34,0.4934227330779055,-2.3509078349152785,0.0,0.0,0.0,0.3848506184609367,987.0,0.774132690493659,1.5609871307219512,4.02,0.21477272727272723
G-1169.json,helpful_success,8,G-124.json,1.3744632041572158,55.0,321.0,0.10808080808080808,7.0,15.0,0.43636363636363634,54.0,285.0,0.09958071278825996,9.0,15.0,0.5185185185185185,1.0,36.0,0.008500095292548124,2.0,0.0,0.08215488215488215,10.669002806093564,1.0,1.0,0.0,-0.5137545391462635,621.0,0.734787803231001,4.154804199530995,4.34,0.4934227330779055,3.418083145542012,0.0,0.0,0.0,-0.4746072583623378,209.0,0.6451509017298491,-0.4920885034336288,2.08,0.18681318681318682
G-1169.json,helpful_success,9,G-1104.json,1.3777415381341478,55.0,321.0,0.10808080808080808,7.0,15.0,0.43636363636363634,56.0,317.0,0.10292207792207793,10.0,25.0,0.375,1.0,4.0,0.005158730158730154,3.0,10.0,0.06136363636363634,10.669002806093564,1.0,1.0,0.0,-0.5137545391462635,621.0,0.734787803231001,4.154804199530995,4.34,0.4934227330779055,0.0,0.0,0.0,0.0,-0.001235210873236317,665.0,0.8058157441797265,-3.25990583597117,1.0,0.1791666666666667
G-1169.json,helpful_success,10,G-1161.json,1.4800469091221924,55.0,321.0,0.10808080808080808,7.0,15.0,0.43636363636363634,56.0,295.0,0.09577922077922078,5.0,24.0,0.4107142857142857,1.0,26.0,0.0123015873015873,2.0,9.0,0.025649350649350644,10.669002806093564,1.0,1.0,0.0,-0.5137545391462635,621.0,0.734787803231001,4.154804199530995,4.34,0.4934227330779055,-7.696177670798717,0.0,0.0,0.0,0.21176141077451732,817.0,0.8008885928912569,2.81176177378142,3.0,0.44804347826086954
G-1169.json,helpful_success,11,G-956.json,1.5369638825806262,55.0,321.0,0.10808080808080808,7.0,15.0,0.43636363636363634,56.0,287.0,0.09318181818181819,9.0,20.0,0.4642857142857143,1.0,34.0,0.014898989898989898,2.0,5.0,0.02792207792207796,10.669002806093564,1.0,1.0,0.0,-0.5137545391462635,621.0,0.734787803231001,4.154804199530995,4.34,0.4934227330779055,0.0,0.0,0.0,0.0,-0.07755319133001243,345.0,0.7676103808560836,-4.0711322883856695,1.0,0.1601731601731602
G-1169.json,helpful_success,12,G-1813.json,1.5676743217069171,55.0,321.0,0.10808080808080808,7.0,15.0,0.43636363636363634,56.0,305.0,0.09902597402597403,9.0,29.0,0.4642857142857143,1.0,16.0,0.009054834054834052,2.0,14.0,0.02792207792207796,10.669002806093564,1.0,1.0,0.0,-0.5137545391462635,621.0,0.734787803231001,4.154804199530995,4.34,0.4934227330779055,8.191784274894596,0.52,1.0,0.0,0.9337622045121614,964.0,0.8463523825527937,2.2891542220827295,4.86,0.20804093567251458
G-1169.json,helpful_success,13,G-1657.json,1.5715118796960794,55.0,321.0,0.10808080808080808,7.0,15.0,0.43636363636363634,55.0,320.0,0.10774410774410774,2.0,7.0,0.32727272727272727,0.0,1.0,0.0003367003367003435,5.0,8.0,0.10909090909090907,10.669002806093564,1.0,1.0,0.0,-0.5137545391462635,621.0,0.734787803231001,4.154804199530995,4.34,0.4934227330779055,17.795942181268334,1.0,1.0,0.0,-1.3268151080217356,243.0,0.7212869435091658,2.0735984799793936,3.12,0.4352756892230577
G-1169.json,helpful_success,14,G-198.json,1.6695453907255022,55.0,321.0,0.10808080808080808,7.0,15.0,0.43636363636363634,56.0,288.0,0.09350649350649351,6.0,9.0,0.32142857142857145,1.0,33.0,0.014574314574314573,1.0,6.0,0.11493506493506489,10.669002806093564,1.0,1.0,0.0,-0.5137545391462635,621.0,0.734787803231001,4.154804199530995,4.34,0.4934227330779055,0.0,0.0,0.0,0.0,-0.04007029655060845,944.0,0.7423679386020094,0.12925320999704895,2.14,0.304411530498487
G-1169.json,helpful_success,15,G-1683.json,1.6982969156250876,55.0,321.0,0.10808080808080808,7.0,15.0,0.43636363636363634,56.0,298.0,0.09675324675324676,12.0,20.0,0.4642857142857143,1.0,23.0,0.011327561327561325,5.0,5.0,0.02792207792207796,10.669002806093564,1.0,1.0,0.0,-0.5137545391462635,621.0,0.734787803231001,4.154804199530995,4.34,0.4934227330779055,0.0,0.0,0.0,0.0,2.76372747797229,1757.0,0.7906992271720148,-2.607387788952444,1.0,0.149235347985348
G-1169.json,helpful_success,16,G-1385.json,1.709894752011819,55.0,321.0,0.10808080808080808,7.0,15.0,0.43636363636363634,55.0,272.0,0.09158249158249158,10.0,18.0,0.43636363636363634,0.0,49.0,0.016498316498316498,3.0,3.0,0.0,10.669002806093564,1.0,1.0,0.0,-0.5137545391462635,621.0,0.734787803231001,4.154804199530995,4.34,0.4934227330779055,0.0,0.0,0.0,0.0,-0.06601906599357261,642.0,0.8021102152497315,-1.2124871315302803,2.0,0.13794903926482882
G-1169.json,helpful_success,17,G-664.json,1.7117085313763147,55.0,321.0,0.10808080808080808,7.0,15.0,0.43636363636363634,56.0,278.0,0.09025974025974026,6.0,10.0,0.4107142857142857,1.0,43.0,0.01782106782106782,1.0,5.0,0.025649350649350644,10.669002806093564,1.0,1.0,0.0,-0.5137545391462635,621.0,0.734787803231001,4.154804199530995,4.34,0.4934227330779055,0.0,0.0,0.0,0.0,-0.45466250392437285,591.0,0.8609366485990422,1.565952709886424,3.02,0.34037857567269336
G-1169.json,helpful_success,18,G-1287.json,1.7249938381711127,55.0,321.0,0.10808080808080808,7.0,15.0,0.43636363636363634,57.0,309.0,0.09680451127819549,4.0,14.0,0.3684210526315789,2.0,12.0,0.011276296802612593,3.0,1.0,0.06794258373205742,10.669002806093564,1.0,1.0,0.0,-0.5137545391462635,621.0,0.734787803231001,4.154804199530995,4.34,0.4934227330779055,0.0,0.0,0.0,0.0,2.6104500671219193,2037.0,0.7498883619637878,2.1523793272495046,3.04,0.3921296296296297
G-1169.json,helpful_success,19,G-224.json,1.7485770605991848,55.0,321.0,0.10808080808080808,7.0,15.0,0.43636363636363634,57.0,305.0,0.09555137844611529,4.0,18.0,0.47368421052631576,2.0,16.0,0.012529429634692793,3.0,3.0,0.03732057416267942,10.669002806093564,1.0,1.0,0.0,-0.5137545391462635,621.0,0.734787803231001,4.154804199530995,4.34,0.4934227330779055,0.0,0.0,0.0,0.0,0.03773611492020146,959.0,0.7491754850760077,2.021747016443517,2.7,0.42101676434510016
G-1169.json,helpful_success,20,G-735.json,1.764031357217574,55.0,321.0,0.10808080808080808,7.0,15.0,0.43636363636363634,56.0,278.0,0.09025974025974026,9.0,10.0,0.4642857142857143,1.0,43.0,0.01782106782106782,2.0,5.0,0.02792207792207796,10.669002806093564,1.0,1.0,0.0,-0.5137545391462635,621.0,0.734787803231001,4.154804199530995,4.34,0.4934227330779055,7.251164293270666,0.0,0.0,0.0,0.15521033930772327,886.0,0.9071176238027828,-0.4620428570870127,2.0,0.2793351131451818
G-1449.json,helpful_success,1,G-546.json,0.5120508317748567,56.0,216.0,0.07012987012987013,7.0,9.0,0.3392857142857143,56.0,215.0,0.0698051948051948,5.0,7.0,0.3392857142857143,0.0,1.0,0.0003246753246753248,2.0,2.0,0.0,9.029482518492609,1.0,1.0,0.0,-0.9187339814533542,579.0,0.7961824168862912,3.33118659968991,5.0,0.31644080557124044,0.0,0.0,0.0,0.0,-0.5766893178311597,746.0,0.7415621570073951,-0.9753388780780798,1.28,0.29329004329004327
G-1449.json,helpful_success,2,G-1242.json,0.5571836909048578,56.0,216.0,0.07012987012987013,7.0,9.0,0.3392857142857143,56.0,222.0,0.07207792207792207,5.0,7.0,0.35714285714285715,0.0,6.0,0.0019480519480519487,2.0,2.0,0.01785714285714285,9.029482518492609,1.0,1.0,0.0,-0.9187339814533542,579.0,0.7961824168862912,3.33118659968991,5.0,0.31644080557124044,4.334572717093481,0.0,0.0,0.0,-0.36832642153903805,626.0,0.769814696485623,4.311682510501221,5.0,0.428030303030303
G-1449.json,helpful_success,3,G-388.json,0.5627906414324296,56.0,216.0,0.07012987012987013,7.0,9.0,0.3392857142857143,56.0,224.0,0.07272727272727272,5.0,10.0,0.35714285714285715,0.0,8.0,0.0025974025974025983,2.0,1.0,0.01785714285714285,9.029482518492609,1.0,1.0,0.0,-0.9187339814533542,579.0,0.7961824168862912,3.33118659968991,5.0,0.31644080557124044,0.0,0.0,0.0,0.0,-1.2120845094452117,117.0,0.8109342764515178,-1.1319754967871312,2.0,0.183187134502924
G-1449.json,helpful_success,4,G-538.json,0.5683350140718503,56.0,216.0,0.07012987012987013,7.0,9.0,0.3392857142857143,56.0,216.0,0.07012987012987013,5.0,11.0,0.30357142857142855,0.0,0.0,0.0,2.0,2.0,0.035714285714285754,9.029482518492609,1.0,1.0,0.0,-0.9187339814533542,579.0,0.7961824168862912,3.33118659968991,5.0,0.31644080557124044,0.0,0.0,0.0,0.0,-0.8182723326247445,174.0,0.7616769649857152,-0.41172505853598007,2.0,0.3027281746031746
G-1449.json,helpful_success,5,G-469.json,0.6756230612152897,56.0,216.0,0.07012987012987013,7.0,9.0,0.3392857142857143,56.0,231.0,0.075,7.0,5.0,0.2857142857142857,0.0,15.0,0.004870129870129872,0.0,4.0,0.0535714285714286,9.029482518492609,1.0,1.0,0.0,-0.9187339814533542,579.0,0.7961824168862912,3.33118659968991,5.0,0.31644080557124044,0.0,0.0,0.0,0.0,-0.2401060195303186,776.0,0.7787828400399068,1.900637236263869,5.0,0.20320440429136089
G-1449.json,helpful_success,6,G-890.json,0.810553046360303,56.0,216.0,0.07012987012987013,7.0,9.0,0.3392857142857143,56.0,223.0,0.0724025974025974,6.0,14.0,0.42857142857142855,0.0,7.0,0.0022727272727272735,1.0,5.0,0.08928571428571425,9.029482518492609,1.0,1.0,0.0,-0.9187339814533542,579.0,0.7961824168862912,3.33118659968991,5.0,0.31644080557124044,0.0,0.0,0.0,0.0,-0.9306560705295297,473.0,0.9163919446733795,2.3860751977083723,3.04,0.42637917637917633
G-1449.json,helpful_success,7,G-484.json,0.8294995409618826,56.0,216.0,0.07012987012987013,7.0,9.0,0.3392857142857143,55.0,228.0,0.07676767676767676,7.0,11.0,0.34545454545454546,1.0,12.0,0.006637806637806637,0.0,2.0,0.006168831168831157,9.029482518492609,1.0,1.0,0.0,-0.9187339814533542,579.0,0.7961824168862912,3.33118659968991,5.0,0.31644080557124044,0.0,0.0,0.0,0.0,-0.5470527602177464,639.0,0.7622853106097399,-0.8154480842143765,2.0,0.2178362573099415
G-1449.json,helpful_success,8,G-1982.json,0.833828717051958,56.0,216.0,0.07012987012987013,7.0,9.0,0.3392857142857143,57.0,213.0,0.06672932330827068,5.0,8.0,0.3333333333333333,1.0,3.0,0.0034005468215994455,2.0,1.0,0.005952380952380987,9.029482518492609,1.0,1.0,0.0,-0.9187339814533542,579.0,0.7961824168862912,3.33118659968991,5.0,0.31644080557124044,0.0,0.0,0.0,0.0,-1.0195023580063844,392.0,0.7474033091497468,0.765396383794546,3.0,0.28457556935817807
G-1449.json,helpful_success,9,G-433.json,0.8530495009692907,56.0,216.0,0.07012987012987013,7.0,9.0,0.3392857142857143,57.0,206.0,0.06453634085213032,6.0,12.0,0.3157894736842105,1.0,10.0,0.005593529277739803,1.0,3.0,0.023496240601503793,9.029482518492609,1.0,1.0,0.0,-0.9187339814533542,579.0,0.7961824168862912,3.33118659968991,5.0,0.31644080557124044,0.0,0.0,0.0,0.0,-0.8465764106251366,378.0,0.8463924325993292,-1.175912669386577,2.0,0.29861111111111116
G-1449.json,helpful_success,10,G-451.json,0.8650506013548817,56.0,216.0,0.07012987012987013,7.0,9.0,0.3392857142857143,56.0,228.0,0.07402597402597402,5.0,3.0,0.2857142857142857,0.0,12.0,0.0038961038961038974,2.0,6.0,0.0535714285714286,9.029482518492609,1.0,1.0,0.0,-0.9187339814533542,579.0,0.7961824168862912,3.33118659968991,5.0,0.31644080557124044,0.5086259587838333,0.0,0.0,0.0,-1.2114756991627846,171.0,0.7533539731682146,-0.5895759211040293,2.28,0.2046568627450981
G-1449.json,helpful_success,11,G-1880.json,0.871168116296966,56.0,216.0,0.07012987012987013,7.0,9.0,0.3392857142857143,56.0,199.0,0.0646103896103896,7.0,17.0,0.375,0.0,17.0,0.005519480519480521,0.0,8.0,0.0357142857142857,9.029482518492609,1.0,1.0,0.0,-0.9187339814533542,579.0,0.7961824168862912,3.33118659968991,5.0,0.31644080557124044,0.0,0.0,0.0,0.0,-0.30707160339790573,498.0,0.8665325285043595,3.3031817005205206,5.0,0.29232026143790846
G-1449.json,helpful_success,12,G-257.json,0.8798836353103164,56.0,216.0,0.07012987012987013,7.0,9.0,0.3392857142857143,57.0,215.0,0.06735588972431078,5.0,7.0,0.2982456140350877,1.0,1.0,0.0027739804055593453,2.0,2.0,0.0410401002506266,9.029482518492609,1.0,1.0,0.0,-0.9187339814533542,579.0,0.7961824168862912,3.33118659968991,5.0,0.31644080557124044,0.0,0.0,0.0,0.0,-0.9575584930928274,371.0,0.7365338384206309,2.0435736641376927,3.0,0.4138931888544892
G-1449.json,helpful_success,13,G-1093.json,0.8933455334668524,56.0,216.0,0.07012987012987013,7.0,9.0,0.3392857142857143,56.0,212.0,0.06883116883116883,4.0,3.0,0.35714285714285715,0.0,4.0,0.0012987012987012991,3.0,6.0,0.01785714285714285,9.029482518492609,1.0,1.0,0.0,-0.9187339814533542,579.0,0.7961824168862912,3.33118659968991,5.0,0.31644080557124044,0.0,0.0,0.0,0.0,-1.6594562218123694,313.0,0.7760506266896043,2.160166610666431,4.0,0.26904572036150975
G-1449.json,helpful_success,14,G-200.json,0.8984972826962999,56.0,216.0,0.07012987012987013,7.0,9.0,0.3392857142857143,56.0,201.0,0.06525974025974025,4.0,10.0,0.375,0.0,15.0,0.004870129870129872,3.0,1.0,0.0357142857142857,9.029482518492609,1.0,1.0,0.0,-0.9187339814533542,579.0,0.7961824168862912,3.33118659968991,5.0,0.31644080557124044,4.918757583235807,0.0,0.0,0.0,-1.1458867228824476,419.0,0.7561064736042754,4.035529527413053,5.0,0.3767380280538175
G-1449.json,helpful_success,15,G-130.json,0.9083917917632025,56.0,216.0,0.07012987012987013,7.0,9.0,0.3392857142857143,57.0,210.0,0.06578947368421052,7.0,16.0,0.3333333333333333,1.0,6.0,0.004340396445659603,0.0,7.0,0.005952380952380987,9.029482518492609,1.0,1.0,0.0,-0.9187339814533542,579.0,0.7961824168862912,3.33118659968991,5.0,0.31644080557124044,0.0,0.0,0.0,0.0,-0.9560656425292815,441.0,0.8238919810348382,-1.527887233565472,2.0,0.16556372549019605
G-1449.json,helpful_success,16,G-638.json,0.9229876439784177,56.0,216.0,0.07012987012987013,7.0,9.0,0.3392857142857143,56.0,243.0,0.0788961038961039,7.0,5.0,0.375,0.0,27.0,0.00876623376623377,0.0,4.0,0.0357142857142857,9.029482518492609,1.0,1.0,0.0,-0.9187339814533542,579.0,0.7961824168862912,3.33118659968991,5.0,0.31644080557124044,0.0,0.0,0.0,0.0,0.1123633845139157,1117.0,0.7283718870630818,-1.4147317869331721,2.0,0.1845755693581781
G-1449.json,helpful_success,17,G-270.json,0.9468115763519955,56.0,216.0,0.07012987012987013,7.0,9.0,0.3392857142857143,56.0,239.0,0.0775974025974026,6.0,2.0,0.32142857142857145,0.0,23.0,0.00746753246753247,1.0,7.0,0.01785714285714285,9.029482518492609,1.0,1.0,0.0,-0.9187339814533542,579.0,0.7961824168862912,3.33118659968991,5.0,0.31644080557124044,0.0,0.0,0.0,0.0,-1.5716897579829279,222.0,0.6828502710855652,-0.1520738146224342,2.0,0.27592053255668825
G-1449.json,helpful_success,18,G-1825.json,1.0007809659789157,56.0,216.0,0.07012987012987013,7.0,9.0,0.3392857142857143,56.0,213.0,0.06915584415584415,4.0,16.0,0.39285714285714285,0.0,3.0,0.0009740259740259744,3.0,7.0,0.05357142857142855,9.029482518492609,1.0,1.0,0.0,-0.9187339814533542,579.0,0.7961824168862912,3.33118659968991,5.0,0.31644080557124044,-2.6928552837095268,0.0,0.0,0.0,-0.5854820708657635,482.0,0.7717583526712157,2.59693108084338,4.0,0.3356060606060607
G-1449.json,helpful_success,19,G-96.json,1.0386894028790645,56.0,216.0,0.07012987012987013,7.0,9.0,0.3392857142857143,55.0,236.0,0.07946127946127945,7.0,5.0,0.34545454545454546,1.0,20.0,0.00933140933140933,0.0,4.0,0.006168831168831157,9.029482518492609,1.0,1.0,0.0,-0.9187339814533542,579.0,0.7961824168862912,3.33118659968991,5.0,0.31644080557124044,0.0,0.0,0.0,0.0,-1.1576801757749586,515.0,0.7452306297457595,1.2764659487466075,3.0,0.3365546218487395
G-1449.json,helpful_success,20,G-740.json,1.0448841822461266,56.0,216.0,0.07012987012987013,7.0,9.0,0.3392857142857143,56.0,207.0,0.0672077922077922,4.0,1.0,0.30357142857142855,0.0,9.0,0.002922077922077923,3.0,8.0,0.035714285714285754,9.029482518492609,1.0,1.0,0.0,-0.9187339814533542,579.0,0.7961824168862912,3.33118659968991,5.0,0.31644080557124044,1.2732290538001312,0.0,0.0,0.0,-1.2937608151477895,140.0,0.8515930113052416,-1.498367676739388,2.0,0.18681318681318682
G-142.json,both_poor_control,1,G-929.json,0.8971042476372952,60.0,269.0,0.07598870056497176,10.0,14.0,0.38333333333333336,60.0,260.0,0.07344632768361582,9.0,24.0,0.4,0.0,9.0,0.0025423728813559338,1.0,10.0,0.016666666666666663,0.0,0.0,0.0,0.0,-0.20961257103892628,673.0,0.7649959315078185,-1.4227248256578924,1.0,0.3647021943573667,0.0,0.0,0.0,0.0,0.43078833284305873,863.0,0.8132640414245886,-1.0034929726097401,2.0,0.2142857142857143
G-142.json,both_poor_control,2,G-117.json,1.0854268344792626,60.0,269.0,0.07598870056497176,10.0,14.0,0.38333333333333336,59.0,257.0,0.07510227936879019,7.0,14.0,0.3220338983050847,1.0,12.0,0.0008864211961815693,3.0,0.0,0.06129943502824864,0.0,0.0,0.0,0.0,-0.20961257103892628,673.0,0.7649959315078185,-1.4227248256578924,1.0,0.3647021943573667,-9.227936408844334,0.0,0.0,0.0,-0.4775611258657917,689.0,0.684012893644311,4.311807350643347,4.06,0.5386904761904762
G-142.json,both_poor_control,3,G-1864.json,1.1027356198156966,60.0,269.0,0.07598870056497176,10.0,14.0,0.38333333333333336,61.0,286.0,0.07814207650273224,11.0,21.0,0.45901639344262296,1.0,17.0,0.0021533759377604794,1.0,7.0,0.0756830601092896,0.0,0.0,0.0,0.0,-0.20961257103892628,673.0,0.7649959315078185,-1.4227248256578924,1.0,0.3647021943573667,0.0,0.0,0.0,0.0,0.3856116083155041,889.0,0.7809615014339424,0.09047127905758787,2.0,0.31398809523809523
G-142.json,both_poor_control,4,G-1686.json,1.1185437593660217,60.0,269.0,0.07598870056497176,10.0,14.0,0.38333333333333336,59.0,261.0,0.07627118644067797,9.0,7.0,0.288135593220339,1.0,8.0,0.00028248587570621486,1.0,7.0,0.09519774011299437,0.0,0.0,0.0,0.0,-0.20961257103892628,673.0,0.7649959315078185,-1.4227248256578924,1.0,0.3647021943573667,-6.0552041307024815,0.0,0.0,0.0,-0.10561171796185301,879.0,0.7530715427813238,2.988847533324518,3.0,0.5267396505096733
G-142.json,both_poor_control,5,G-689.json,1.1276830310013637,60.0,269.0,0.07598870056497176,10.0,14.0,0.38333333333333336,60.0,284.0,0.08022598870056497,6.0,12.0,0.3333333333333333,0.0,15.0,0.004237288135593209,4.0,2.0,0.050000000000000044,0.0,0.0,0.0,0.0,-0.20961257103892628,673.0,0.7649959315078185,-1.4227248256578924,1.0,0.3647021943573667,0.0,0.0,0.0,0.0,-0.25702848480622537,729.0,0.7927199686458946,-2.0912129691783803,1.0,0.2845394736842105
G-142.json,both_poor_control,6,G-193.json,1.12980587031742,60.0,269.0,0.07598870056497176,10.0,14.0,0.38333333333333336,59.0,293.0,0.08562244301578024,9.0,11.0,0.423728813559322,1.0,24.0,0.009633742450808488,1.0,3.0,0.040395480225988656,0.0,0.0,0.0,0.0,-0.20961257103892628,673.0,0.7649959315078185,-1.4227248256578924,1.0,0.3647021943573667,1.8180733066055241,0.0,0.0,0.0,2.12192714649343,1788.0,0.735613534988589,3.497906797346406,5.0,0.36378574382606643
G-142.json,both_poor_control,7,G-487.json,1.3287812950010967,60.0,269.0,0.07598870056497176,10.0,14.0,0.38333333333333336,60.0,255.0,0.07203389830508475,6.0,15.0,0.26666666666666666,0.0,14.0,0.003954802259887008,4.0,1.0,0.1166666666666667,0.0,0.0,0.0,0.0,-0.20961257103892628,673.0,0.7649959315078185,-1.4227248256578924,1.0,0.3647021943573667,1.5665206191670116,0.0,0.0,0.0,0.017948172303257043,869.0,0.8379937742943051,-2.6834212470908967,1.0,0.18014705882352944
G-142.json,both_poor_control,8,G-1059.json,1.3683983586819184,60.0,269.0,0.07598870056497176,10.0,14.0,0.38333333333333336,59.0,293.0,0.08562244301578024,7.0,10.0,0.4406779661016949,1.0,24.0,0.009633742450808488,3.0,4.0,0.05734463276836155,0.0,0.0,0.0,0.0,-0.20961257103892628,673.0,0.7649959315078185,-1.4227248256578924,1.0,0.3647021943573667,0.0,0.0,0.0,0.0,-0.9860442231048135,586.0,0.7397508824129985,0.18660612477568128,2.6,0.21917293233082702
G-142.json,both_poor_control,9,G-1546.json,1.4299332366705668,60.0,269.0,0.07598870056497176,10.0,14.0,0.38333333333333336,58.0,271.0,0.08197217180883243,11.0,19.0,0.3448275862068966,2.0,2.0,0.005983471243860672,1.0,5.0,0.038505747126436785,0.0,0.0,0.0,0.0,-0.20961257103892628,673.0,0.7649959315078185,-1.4227248256578924,1.0,0.3647021943573667,0.0,0.0,0.0,0.0,0.5846505978692023,975.0,0.8124024640657084,1.5579961030188128,3.0,0.33611111111111114
G-142.json,both_poor_control,10,G-217.json,1.479750981400374,60.0,269.0,0.07598870056497176,10.0,14.0,0.38333333333333336,58.0,277.0,0.0837870538415003,8.0,17.0,0.39655172413793105,2.0,8.0,0.007798353276528544,2.0,3.0,0.01321839080459769,0.0,0.0,0.0,0.0,-0.20961257103892628,673.0,0.7649959315078185,-1.4227248256578924,1.0,0.3647021943573667,-1.860255748026061,0.0,0.0,0.0,0.7898014527954103,1007.0,0.7140079088527426,0.5409000816278595,2.0,0.36934434568430063
G-142.json,both_poor_control,11,G-23.json,1.4810116558984567,60.0,269.0,0.07598870056497176,10.0,14.0,0.38333333333333336,58.0,248.0,0.0750151240169389,9.0,21.0,0.39655172413793105,2.0,21.0,0.000973576548032859,1.0,7.0,0.01321839080459769,0.0,0.0,0.0,0.0,-0.20961257103892628,673.0,0.7649959315078185,-1.4227248256578924,1.0,0.3647021943573667,3.57908243012941,0.0,0.0,0.0,2.508040051715438,1783.0,0.8054748267872216,-0.4106486947384582,2.0,0.21103896103896114
G-142.json,both_poor_control,12,G-110.json,1.50502550025817,60.0,269.0,0.07598870056497176,10.0,14.0,0.38333333333333336,58.0,253.0,0.0765275257108288,7.0,12.0,0.3793103448275862,2.0,16.0,0.0005388251458570414,3.0,2.0,0.0040229885057471715,0.0,0.0,0.0,0.0,-0.20961257103892628,673.0,0.7649959315078185,-1.4227248256578924,1.0,0.3647021943573667,2.8208424687187534,0.0,0.0,0.0,-0.9204860511833174,398.0,0.8276647722238396,-0.2237497136274117,2.0,0.24116161616161624
G-142.json,both_poor_control,13,G-1494.json,1.5884471680394059,60.0,269.0,0.07598870056497176,10.0,14.0,0.38333333333333336,61.0,249.0,0.0680327868852459,5.0,9.0,0.36065573770491804,1.0,20.0,0.007955913679725854,5.0,5.0,0.022677595628415315,0.0,0.0,0.0,0.0,-0.20961257103892628,673.0,0.7649959315078185,-1.4227248256578924,1.0,0.3647021943573667,18.170179573042674,0.0,1.0,0.0,-1.1529926143765983,282.0,0.9237777946038717,-0.3050660955341504,2.0,0.30773809523809526
G-142.json,both_poor_control,14,G-1557.json,1.6154909211792166,60.0,269.0,0.07598870056497176,10.0,14.0,0.38333333333333336,59.0,254.0,0.07422559906487435,5.0,11.0,0.4915254237288136,1.0,15.0,0.001763101500097411,5.0,3.0,0.10819209039548022,0.0,0.0,0.0,0.0,-0.20961257103892628,673.0,0.7649959315078185,-1.4227248256578924,1.0,0.3647021943573667,1.9127377332054,0.0,0.0,0.0,-0.9238658818672354,593.0,0.6955813317533385,-2.57916673403858,1.0,0.2084582084582085
G-142.json,both_poor_control,15,G-1789.json,1.6427849521999582,60.0,269.0,0.07598870056497176,10.0,14.0,0.38333333333333336,59.0,224.0,0.06545879602571596,7.0,7.0,0.3898305084745763,1.0,45.0,0.0105299045392558,3.0,7.0,0.006497175141242928,0.0,0.0,0.0,0.0,-0.20961257103892628,673.0,0.7649959315078185,-1.4227248256578924,1.0,0.3647021943573667,0.0,0.0,0.0,0.0,-0.6990393746826692,368.0,0.6993099158867433,0.7230829270439159,3.0,0.2784882689773994
G-142.json,both_poor_control,16,G-1351.json,1.6592916662316954,60.0,269.0,0.07598870056497176,10.0,14.0,0.38333333333333336,59.0,309.0,0.09029807130333138,7.0,19.0,0.3898305084745763,1.0,40.0,0.014309370738359625,3.0,5.0,0.006497175141242928,0.0,0.0,0.0,0.0,-0.20961257103892628,673.0,0.7649959315078185,-1.4227248256578924,1.0,0.3647021943573667,7.109609196794049,0.0,0.0,0.0,0.4667186937669572,914.0,0.8564978034277552,2.436369230400244,2.0,0.5178571428571428
G-142.json,both_poor_control,17,G-817.json,1.662587968945999,60.0,269.0,0.07598870056497176,10.0,14.0,0.38333333333333336,60.0,258.0,0.07288135593220339,4.0,5.0,0.36666666666666664,0.0,11.0,0.0031073446327683635,6.0,9.0,0.01666666666666672,0.0,0.0,0.0,0.0,-0.20961257103892628,673.0,0.7649959315078185,-1.4227248256578924,1.0,0.3647021943573667,0.0,0.0,0.0,0.0,-0.8512952191701371,531.0,0.7600326901893899,0.4854454814022573,3.0,0.25674019607843146
G-142.json,both_poor_control,18,G-777.json,1.6628744332481353,60.0,269.0,0.07598870056497176,10.0,14.0,0.38333333333333336,58.0,261.0,0.07894736842105263,6.0,17.0,0.43103448275862066,2.0,8.0,0.002958667856080871,4.0,3.0,0.047701149425287304,0.0,0.0,0.0,0.0,-0.20961257103892628,673.0,0.7649959315078185,-1.4227248256578924,1.0,0.3647021943573667,0.0,0.22,0.0,0.0,-0.029138558104943077,818.0,0.7331940757676872,2.4268399568660217,3.88,0.3059204524721766
G-142.json,both_poor_control,19,G-447.json,1.6690516224930945,60.0,269.0,0.07598870056497176,10.0,14.0,0.38333333333333336,58.0,269.0,0.08136721113127647,6.0,11.0,0.3448275862068966,2.0,0.0,0.0053785105663047145,4.0,3.0,0.038505747126436785,0.0,0.0,0.0,0.0,-0.20961257103892628,673.0,0.7649959315078185,-1.4227248256578924,1.0,0.3647021943573667,0.0,0.0,0.0,0.0,-0.8132055729077121,326.0,0.7048230297310052,1.9113694200844742,4.0,0.2623376623376623
G-142.json,both_poor_control,20,G-1197.json,1.6896398013118497,60.0,269.0,0.07598870056497176,10.0,14.0,0.38333333333333336,58.0,269.0,0.08136721113127647,8.0,22.0,0.4827586206896552,2.0,0.0,0.0053785105663047145,2.0,8.0,0.09942528735632183,0.0,0.0,0.0,0.0,-0.20961257103892628,673.0,0.7649959315078185,-1.4227248256578924,1.0,0.3647021943573667,11.193601499494603,0.0,1.0,0.0,-0.04812375519335899,750.0,0.6830689808633734,4.30219479512658,5.0,0.3936345700775985
G-946.json,both_poor_control,1,G-313.json,0.7594882216122358,53.0,202.0,0.07329462989840348,6.0,10.0,0.3584905660377358,54.0,212.0,0.07407407407407407,7.0,12.0,0.3888888888888889,1.0,10.0,0.0007794441756705933,1.0,2.0,0.03039832285115307,0.0,0.0,0.0,0.0,-0.5393031017423263,631.0,0.8644932457927703,-0.5331080870492713,2.0,0.28799019607843135,19.11526515053655,0.0,1.0,0.0,-0.4723429636622112,560.0,0.7342895476616407,4.7946492923039035,5.0,0.4881270903010033
G-946.json,both_poor_control,2,G-1022.json,0.9247651431498385,53.0,202.0,0.07329462989840348,6.0,10.0,0.3584905660377358,54.0,201.0,0.07023060796645703,5.0,10.0,0.4444444444444444,1.0,1.0,0.0030640219319464507,1.0,0.0,0.0859538784067086,0.0,0.0,0.0,0.0,-0.5393031017423263,631.0,0.8644932457927703,-0.5331080870492713,2.0,0.28799019607843135,0.0,0.0,0.0,0.0,-0.57648490306459,685.0,0.7838861143125454,-2.649215069366093,1.0,0.42673245614035094
G-946.json,both_poor_control,3,G-821.json,1.2785917499161639,53.0,202.0,0.07329462989840348,6.0,10.0,0.3584905660377358,54.0,199.0,0.06953179594689028,3.0,5.0,0.25925925925925924,1.0,3.0,0.0037628339515131948,3.0,5.0,0.09923130677847658,0.0,0.0,0.0,0.0,-0.5393031017423263,631.0,0.8644932457927703,-0.5331080870492713,2.0,0.28799019607843135,-4.204731866451393,0.0,0.0,0.0,-0.5558999640933746,480.0,0.6329679888656924,2.4928498248235695,5.0,0.21538505354294823
G-946.json,both_poor_control,4,G-468.json,1.3951830141475583,53.0,202.0,0.07329462989840348,6.0,10.0,0.3584905660377358,53.0,208.0,0.07547169811320754,1.0,5.0,0.2830188679245283,0.0,6.0,0.0021770682148040676,5.0,5.0,0.07547169811320753,0.0,0.0,0.0,0.0,-0.5393031017423263,631.0,0.8644932457927703,-0.5331080870492713,2.0,0.28799019607843135,0.9964167726721582,0.0,0.0,0.0,-1.544659478924479,262.0,0.6826650288087508,-2.4732853589102577,1.0,0.13799019607843133
G-946.json,both_poor_control,5,G-1473.json,1.4107093836355216,53.0,202.0,0.07329462989840348,6.0,10.0,0.3584905660377358,53.0,236.0,0.08563134978229318,4.0,6.0,0.2641509433962264,0.0,34.0,0.012336719883889707,2.0,4.0,0.09433962264150941,0.0,0.0,0.0,0.0,-0.5393031017423263,631.0,0.8644932457927703,-0.5331080870492713,2.0,0.28799019607843135,8.469109986213832,0.0,0.0,0.0,-1.2647509114037345,325.0,0.663684710351377,2.7753501436008428,3.0,0.44326651609260304
G-946.json,both_poor_control,6,G-484.json,1.4260223912902008,53.0,202.0,0.07329462989840348,6.0,10.0,0.3584905660377358,55.0,228.0,0.07676767676767676,7.0,11.0,0.34545454545454546,2.0,26.0,0.0034730468692732858,1.0,1.0,0.013036020583190366,0.0,0.0,0.0,0.0,-0.5393031017423263,631.0,0.8644932457927703,-0.5331080870492713,2.0,0.28799019607843135,0.0,0.0,0.0,0.0,-0.5470527602177464,639.0,0.7622853106097399,-0.8154480842143765,2.0,0.2178362573099415
G-946.json,both_poor_control,7,G-96.json,1.5920468530259335,53.0,202.0,0.07329462989840348,6.0,10.0,0.3584905660377358,55.0,236.0,0.07946127946127945,7.0,5.0,0.34545454545454546,2.0,34.0,0.006166649562875978,1.0,5.0,0.013036020583190366,0.0,0.0,0.0,0.0,-0.5393031017423263,631.0,0.8644932457927703,-0.5331080870492713,2.0,0.28799019607843135,0.0,0.0,0.0,0.0,-1.1576801757749586,515.0,0.7452306297457595,1.2764659487466075,3.0,0.3365546218487395
G-946.json,both_poor_control,8,G-1518.json,1.5940131210263542,53.0,202.0,0.07329462989840348,6.0,10.0,0.3584905660377358,55.0,228.0,0.07676767676767676,3.0,8.0,0.38181818181818183,2.0,26.0,0.0034730468692732858,3.0,2.0,0.02332761578044601,0.0,0.0,0.0,0.0,-0.5393031017423263,631.0,0.8644932457927703,-0.5331080870492713,2.0,0.28799019607843135,0.0,0.0,0.0,0.0,-1.2677883213279029,374.0,0.7272010437126349,1.3602523035827698,3.0,0.31881313131313127
G-946.json,both_poor_control,9,G-1852.json,1.7016531651625597,53.0,202.0,0.07329462989840348,6.0,10.0,0.3584905660377358,55.0,224.0,0.07542087542087542,6.0,6.0,0.21818181818181817,2.0,22.0,0.0021262455224719395,0.0,4.0,0.14030874785591765,0.0,0.0,0.0,0.0,-0.5393031017423263,631.0,0.8644932457927703,-0.5331080870492713,2.0,0.28799019607843135,-0.7419110488417644,0.0,0.0,0.0,-0.8101021622732192,445.0,0.7493470999088977,0.9502757455762271,2.0,0.3034614723082216
G-946.json,both_poor_control,10,G-1639.json,1.7048588534219025,53.0,202.0,0.07329462989840348,6.0,10.0,0.3584905660377358,55.0,242.0,0.08148148148148149,4.0,9.0,0.38181818181818183,2.0,40.0,0.008186851583078011,2.0,1.0,0.02332761578044601,0.0,0.0,0.0,0.0,-0.5393031017423263,631.0,0.8644932457927703,-0.5331080870492713,2.0,0.28799019607843135,0.0,0.0,0.0,0.0,-0.9562988030956179,499.0,0.7863840130059315,-0.543839086130677,2.0,0.22579365079365077
G-946.json,both_poor_control,11,G-776.json,1.7288818196999847,53.0,202.0,0.07329462989840348,6.0,10.0,0.3584905660377358,55.0,197.0,0.06632996632996634,3.0,2.0,0.2909090909090909,2.0,5.0,0.0069646635684371405,3.0,8.0,0.06758147512864493,0.0,0.0,0.0,0.0,-0.5393031017423263,631.0,0.8644932457927703,-0.5331080870492713,2.0,0.28799019607843135,0.0,0.0,0.0,0.0,-1.1385490050994909,339.0,0.7261175402768323,-3.6548478859764675,1.0,0.21947024423804617
G-946.json,both_poor_control,12,G-1370.json,1.7304563159238926,53.0,202.0,0.07329462989840348,6.0,10.0,0.3584905660377358,55.0,228.0,0.07676767676767676,9.0,7.0,0.45454545454545453,2.0,26.0,0.0034730468692732858,3.0,3.0,0.0960548885077187,0.0,0.0,0.0,0.0,-0.5393031017423263,631.0,0.8644932457927703,-0.5331080870492713,2.0,0.28799019607843135,7.613340656087024,0.0,0.0,0.0,0.4210150938596503,1163.0,0.7031166059644548,3.969331388464326,4.92,0.4072257615082977
G-946.json,both_poor_control,13,G-841.json,1.9461396201460468,53.0,202.0,0.07329462989840348,6.0,10.0,0.3584905660377358,54.0,257.0,0.08979734451432565,6.0,19.0,0.42592592592592593,1.0,55.0,0.016502714615922176,0.0,9.0,0.0674353598881901,0.0,0.0,0.0,0.0,-0.5393031017423263,631.0,0.8644932457927703,-0.5331080870492713,2.0,0.28799019607843135,0.0,0.0,0.0,0.0,-0.7531202786532261,398.0,0.8842449020923256,-0.5760452245688266,2.0,0.19781746031746028
G-946.json,both_poor_control,14,G-546.json,1.9601824778589887,53.0,202.0,0.07329462989840348,6.0,10.0,0.3584905660377358,56.0,215.0,0.0698051948051948,5.0,7.0,0.3392857142857143,3.0,13.0,0.003489435093208676,1.0,3.0,0.019204851752021523,0.0,0.0,0.0,0.0,-0.5393031017423263,631.0,0.8644932457927703,-0.5331080870492713,2.0,0.28799019607843135,0.0,0.0,0.0,0.0,-0.5766893178311597,746.0,0.7415621570073951,-0.9753388780780798,1.28,0.29329004329004327
G-946.json,both_poor_control,15,G-388.json,1.9649110708190436,53.0,202.0,0.07329462989840348,6.0,10.0,0.3584905660377358,56.0,224.0,0.07272727272727272,5.0,10.0,0.35714285714285715,3.0,22.0,0.0005673571711307529,1.0,0.0,0.0013477088948786742,0.0,0.0,0.0,0.0,-0.5393031017423263,631.0,0.8644932457927703,-0.5331080870492713,2.0,0.28799019607843135,0.0,0.0,0.0,0.0,-1.2120845094452117,117.0,0.8109342764515178,-1.1319754967871312,2.0,0.183187134502924
G-946.json,both_poor_control,16,G-1242.json,1.9713670096716438,53.0,202.0,0.07329462989840348,6.0,10.0,0.3584905660377358,56.0,222.0,0.07207792207792207,5.0,7.0,0.35714285714285715,3.0,20.0,0.0012167078204814025,1.0,3.0,0.0013477088948786742,0.0,0.0,0.0,0.0,-0.5393031017423263,631.0,0.8644932457927703,-0.5331080870492713,2.0,0.28799019607843135,4.334572717093481,0.0,0.0,0.0,-0.36832642153903805,626.0,0.769814696485623,4.311682510501221,5.0,0.428030303030303
G-946.json,both_poor_control,17,G-538.json,1.9799972646521584,53.0,202.0,0.07329462989840348,6.0,10.0,0.3584905660377358,56.0,216.0,0.07012987012987013,5.0,11.0,0.30357142857142855,3.0,14.0,0.003164759768533351,1.0,1.0,0.05491913746630728,0.0,0.0,0.0,0.0,-0.5393031017423263,631.0,0.8644932457927703,-0.5331080870492713,2.0,0.28799019607843135,0.0,0.0,0.0,0.0,-0.8182723326247445,174.0,0.7616769649857152,-0.41172505853598007,2.0,0.3027281746031746
G-946.json,both_poor_control,18,G-1529.json,2.0088192927548976,53.0,202.0,0.07329462989840348,6.0,10.0,0.3584905660377358,55.0,248.0,0.08350168350168351,3.0,4.0,0.2909090909090909,2.0,46.0,0.01020705360328003,3.0,6.0,0.06758147512864493,0.0,0.0,0.0,0.0,-0.5393031017423263,631.0,0.8644932457927703,-0.5331080870492713,2.0,0.28799019607843135,0.0,0.0,0.0,0.0,-1.072037670075892,399.0,0.8274203095678896,-3.251970597804609,1.0,0.16249999999999998
G-946.json,both_poor_control,19,G-200.json,2.0263041362442284,53.0,202.0,0.07329462989840348,6.0,10.0,0.3584905660377358,56.0,201.0,0.06525974025974025,4.0,10.0,0.375,3.0,1.0,0.008034889638663223,2.0,0.0,0.016509433962264175,0.0,0.0,0.0,0.0,-0.5393031017423263,631.0,0.8644932457927703,-0.5331080870492713,2.0,0.28799019607843135,4.918757583235807,0.0,0.0,0.0,-1.1458867228824476,419.0,0.7561064736042754,4.035529527413053,5.0,0.3767380280538175
G-946.json,both_poor_control,20,G-890.json,2.0318053305601262,53.0,202.0,0.07329462989840348,6.0,10.0,0.3584905660377358,56.0,223.0,0.0724025974025974,6.0,14.0,0.42857142857142855,3.0,21.0,0.0008920324958060777,0.0,4.0,0.07008086253369272,0.0,0.0,0.0,0.0,-0.5393031017423263,631.0,0.8644932457927703,-0.5331080870492713,2.0,0.28799019607843135,0.0,0.0,0.0,0.0,-0.9306560705295297,473.0,0.9163919446733795,2.3860751977083723,3.04,0.42637917637917633
G-14.json,harmful_reranking_control,1,G-1594.json,0.7325111047407092,58.0,279.0,0.08439201451905626,9.0,30.0,0.5,59.0,280.0,0.08182349503214495,9.0,34.0,0.5084745762711864,1.0,1.0,0.002568519486911308,0.0,4.0,0.008474576271186418,-14.989744070469142,0.0,0.0,1.0,0.17265933215871726,484.0,0.830492958951457,3.1408091387135597,4.88,0.30174868990658466,0.5947803618994065,0.0,0.0,0.0,3.674076116232249,2100.0,0.8511145897139227,0.07483158134555046,1.9,0.34633458646616533
G-14.json,harmful_reranking_control,2,G-206.json,0.7441876716721555,58.0,279.0,0.08439201451905626,9.0,30.0,0.5,58.0,284.0,0.08590441621294616,7.0,24.0,0.46551724137931033,0.0,5.0,0.0015124016938899004,2.0,6.0,0.03448275862068967,-14.989744070469142,0.0,0.0,1.0,0.17265933215871726,484.0,0.830492958951457,3.1408091387135597,4.88,0.30174868990658466,1.8426611124132863,0.0,0.0,0.0,1.4912215183996844,1406.0,0.677602344805941,2.5315156506038923,3.0,0.4207792207792208
G-14.json,harmful_reranking_control,3,G-1197.json,0.7660603134763967,58.0,279.0,0.08439201451905626,9.0,30.0,0.5,58.0,269.0,0.08136721113127647,8.0,22.0,0.4827586206896552,0.0,10.0,0.003024803387779787,1.0,8.0,0.017241379310344807,-14.989744070469142,0.0,0.0,1.0,0.17265933215871726,484.0,0.830492958951457,3.1408091387135597,4.88,0.30174868990658466,11.193601499494603,0.0,1.0,0.0,-0.04812375519335899,750.0,0.6830689808633734,4.30219479512658,5.0,0.3936345700775985
G-14.json,harmful_reranking_control,4,G-175.json,0.9225746984691443,58.0,279.0,0.08439201451905626,9.0,30.0,0.5,57.0,280.0,0.08771929824561403,7.0,25.0,0.49122807017543857,1.0,1.0,0.0033272837265577726,2.0,5.0,0.00877192982456143,-14.989744070469142,0.0,0.0,1.0,0.17265933215871726,484.0,0.830492958951457,3.1408091387135597,4.88,0.30174868990658466,12.075516774831756,0.56,1.0,0.0,0.38227433038318925,875.0,0.7928551814318404,5.002394181772039,5.0,0.4966666666666667
G-14.json,harmful_reranking_control,5,G-1762.json,1.0260067478363295,58.0,279.0,0.08439201451905626,9.0,30.0,0.5,57.0,276.0,0.08646616541353383,9.0,21.0,0.543859649122807,1.0,3.0,0.002074150894477572,0.0,9.0,0.04385964912280704,-14.989744070469142,0.0,0.0,1.0,0.17265933215871726,484.0,0.830492958951457,3.1408091387135597,4.88,0.30174868990658466,0.47038605941119016,0.0,0.0,0.0,1.7533715932769662,1475.0,0.7219106317411402,2.1801172659276515,5.0,0.17509259259259258
G-14.json,harmful_reranking_control,6,G-584.json,1.0306666574071404,58.0,279.0,0.08439201451905626,9.0,30.0,0.5,58.0,274.0,0.08287961282516637,7.0,19.0,0.5,0.0,5.0,0.0015124016938898865,2.0,11.0,0.0,-14.989744070469142,0.0,0.0,1.0,0.17265933215871726,484.0,0.830492958951457,3.1408091387135597,4.88,0.30174868990658466,0.0,0.06,0.0,0.0,0.3887816531034572,1011.0,0.6621774343606468,-1.4547114706149584,2.0,0.1734330484330484
G-14.json,harmful_reranking_control,7,G-704.json,1.0410250992797954,58.0,279.0,0.08439201451905626,9.0,30.0,0.5,57.0,264.0,0.08270676691729323,12.0,29.0,0.47368421052631576,1.0,15.0,0.0016852476017630291,3.0,1.0,0.026315789473684237,-14.989744070469142,0.0,0.0,1.0,0.17265933215871726,484.0,0.830492958951457,3.1408091387135597,4.88,0.30174868990658466,0.0,0.0,0.0,0.0,3.3435030959449077,1867.0,0.7626979794030808,2.486282398000207,3.0,0.45040131691235263
G-14.json,harmful_reranking_control,8,G-741.json,1.0692290424054358,58.0,279.0,0.08439201451905626,9.0,30.0,0.5,58.0,309.0,0.09346642468239565,8.0,25.0,0.4482758620689655,0.0,30.0,0.009074410163339389,1.0,5.0,0.051724137931034475,-14.989744070469142,0.0,0.0,1.0,0.17265933215871726,484.0,0.830492958951457,3.1408091387135597,4.88,0.30174868990658466,16.880429435083155,0.0,1.0,0.0,3.12999655766122,1942.0,0.757333617727068,4.261757911928253,5.0,0.43900961385666615
G-14.json,harmful_reranking_control,9,G-1653.json,1.071978678116288,58.0,279.0,0.08439201451905626,9.0,30.0,0.5,57.0,280.0,0.08771929824561403,11.0,25.0,0.42105263157894735,1.0,1.0,0.0033272837265577726,2.0,5.0,0.07894736842105265,-14.989744070469142,0.0,0.0,1.0,0.17265933215871726,484.0,0.830492958951457,3.1408091387135597,4.88,0.30174868990658466,-1.873706157760564,0.0,0.0,0.0,1.3924020039985892,1143.0,0.8299540490888726,1.3636566800911283,3.92,0.2567982456140351
G-14.json,harmful_reranking_control,10,G-1409.json,1.1072307242698147,58.0,279.0,0.08439201451905626,9.0,30.0,0.5,58.0,287.0,0.0868118572292801,7.0,19.0,0.4482758620689655,0.0,8.0,0.0024198427102238435,2.0,11.0,0.051724137931034475,-14.989744070469142,0.0,0.0,1.0,0.17265933215871726,484.0,0.830492958951457,3.1408091387135597,4.88,0.30174868990658466,1.2602085685101985,0.0,0.0,0.0,0.034183225302181014,861.0,0.7204656564838073,0.7065468286710803,4.06,0.13301915475828519
G-14.json,harmful_reranking_control,11,G-1980.json,1.1659148972246989,58.0,279.0,0.08439201451905626,9.0,30.0,0.5,57.0,260.0,0.08145363408521303,7.0,38.0,0.45614035087719296,1.0,19.0,0.0029383804338432296,2.0,8.0,0.04385964912280704,-14.989744070469142,0.0,0.0,1.0,0.17265933215871726,484.0,0.830492958951457,3.1408091387135597,4.88,0.30174868990658466,-12.454298432668335,0.0,0.0,1.0,1.8975541960404687,1180.0,0.7466813300556346,-0.33456992662978635,1.32,0.335233918128655
G-14.json,harmful_reranking_control,12,G-340.json,1.216308776731476,58.0,279.0,0.08439201451905626,9.0,30.0,0.5,57.0,270.0,0.08458646616541353,7.0,19.0,0.5087719298245614,1.0,9.0,0.00019445164635727152,2.0,11.0,0.00877192982456143,-14.989744070469142,0.0,0.0,1.0,0.17265933215871726,484.0,0.830492958951457,3.1408091387135597,4.88,0.30174868990658466,-5.681965703258479,0.0,0.0,0.0,0.08292735079850158,892.0,0.772890841650184,0.18890751608364198,2.8,0.18841991341991338
G-14.json,harmful_reranking_control,13,G-1110.json,1.2493796981553156,58.0,279.0,0.08439201451905626,9.0,30.0,0.5,57.0,258.0,0.08082706766917293,10.0,21.0,0.42105263157894735,1.0,21.0,0.0035649468498833298,1.0,9.0,0.07894736842105265,-14.989744070469142,0.0,0.0,1.0,0.17265933215871726,484.0,0.830492958951457,3.1408091387135597,4.88,0.30174868990658466,12.768893129006125,1.0,1.0,0.0,2.194258712427446,1621.0,0.8488823390530156,1.5128474384678523,3.28,0.29404682274247484
G-14.json,harmful_reranking_control,14,G-1701.json,1.259406868150817,58.0,279.0,0.08439201451905626,9.0,30.0,0.5,58.0,307.0,0.09286146400483969,9.0,21.0,0.5862068965517241,0.0,28.0,0.008469449485783431,0.0,9.0,0.08620689655172409,-14.989744070469142,0.0,0.0,1.0,0.17265933215871726,484.0,0.830492958951457,3.1408091387135597,4.88,0.30174868990658466,14.923449855782142,0.0,1.0,0.0,2.107081331103167,1702.0,0.682800122413649,6.027560160682659,5.0,0.6187031723258409
G-14.json,harmful_reranking_control,15,G-493.json,1.2786097089238753,58.0,279.0,0.08439201451905626,9.0,30.0,0.5,57.0,245.0,0.07675438596491228,7.0,25.0,0.47368421052631576,1.0,34.0,0.007637628554143974,2.0,5.0,0.026315789473684237,-14.989744070469142,0.0,0.0,1.0,0.17265933215871726,484.0,0.830492958951457,3.1408091387135597,4.88,0.30174868990658466,0.0,0.0,0.0,0.0,0.7365252811763765,1012.0,0.8175465140372894,-1.3663965860678144,2.0,0.17993600602296245
G-14.json,harmful_reranking_control,16,G-217.json,1.3059839220508318,58.0,279.0,0.08439201451905626,9.0,30.0,0.5,58.0,277.0,0.0837870538415003,8.0,17.0,0.39655172413793105,0.0,2.0,0.0006049606775559574,1.0,13.0,0.10344827586206895,-14.989744070469142,0.0,0.0,1.0,0.17265933215871726,484.0,0.830492958951457,3.1408091387135597,4.88,0.30174868990658466,-1.860255748026061,0.0,0.0,0.0,0.7898014527954103,1007.0,0.7140079088527426,0.5409000816278595,2.0,0.36934434568430063
G-14.json,harmful_reranking_control,17,G-23.json,1.3782205964570529,58.0,279.0,0.08439201451905626,9.0,30.0,0.5,58.0,248.0,0.0750151240169389,9.0,21.0,0.39655172413793105,0.0,31.0,0.00937689050211736,0.0,9.0,0.10344827586206895,-14.989744070469142,0.0,0.0,1.0,0.17265933215871726,484.0,0.830492958951457,3.1408091387135597,4.88,0.30174868990658466,3.57908243012941,0.0,0.0,0.0,2.508040051715438,1783.0,0.8054748267872216,-0.4106486947384582,2.0,0.21103896103896114
G-14.json,harmful_reranking_control,18,G-548.json,1.3831264337404716,58.0,279.0,0.08439201451905626,9.0,30.0,0.5,57.0,287.0,0.08991228070175439,7.0,20.0,0.40350877192982454,1.0,8.0,0.00552026618269813,2.0,10.0,0.09649122807017546,-14.989744070469142,0.0,0.0,1.0,0.17265933215871726,484.0,0.830492958951457,3.1408091387135597,4.88,0.30174868990658466,0.0,0.0,0.0,0.0,0.9724898382815842,1156.0,0.7263859554516994,1.8113362473186498,5.0,0.18841991341991338
G-14.json,harmful_reranking_control,19,G-317.json,1.4149148970141088,58.0,279.0,0.08439201451905626,9.0,30.0,0.5,56.0,259.0,0.08409090909090909,10.0,25.0,0.5,2.0,20.0,0.00030110542814716645,1.0,5.0,0.0,-14.989744070469142,0.0,0.0,1.0,0.17265933215871726,484.0,0.830492958951457,3.1408091387135597,4.88,0.30174868990658466,0.0,0.0,0.0,0.0,1.340051866675822,1126.0,0.7874971383461614,-0.3452563525879878,3.0,0.13935897435897437
G-14.json,harmful_reranking_control,20,G-1470.json,1.4330135163656879,58.0,279.0,0.08439201451905626,9.0,30.0,0.5,56.0,282.0,0.09155844155844156,11.0,30.0,0.5,2.0,3.0,0.0071664270393853036,2.0,0.0,0.0,-14.989744070469142,0.0,0.0,1.0,0.17265933215871726,484.0,0.830492958951457,3.1408091387135597,4.88,0.30174868990658466,0.78999455162751,0.0,0.0,0.0,1.4799241239446181,1085.0,0.7554168721410717,0.14953074006140607,2.0,0.32793290043290046
G-163.json,harmful_reranking_control,1,G-1052.json,1.044735252754148,60.0,349.0,0.09858757062146893,16.0,46.0,0.5166666666666667,59.0,333.0,0.0973115137346581,13.0,45.0,0.5423728813559322,1.0,16.0,0.0012760568868108307,3.0,1.0,0.025706214689265483,-14.920201726019519,0.0,0.0,1.0,5.520407296545272,2305.0,0.823805435044589,2.4435110656057706,5.0,0.274886546625677,-3.3608445524507697,0.0,0.0,0.0,3.7567783571521067,1691.0,0.9412860986986448,1.0685749580741641,2.96,0.32434640522875824
G-163.json,harmful_reranking_control,2,G-334.json,1.6661291421609803,60.0,349.0,0.09858757062146893,16.0,46.0,0.5166666666666667,58.0,310.0,0.09376890502117362,18.0,47.0,0.46551724137931033,2.0,39.0,0.004818665600295313,2.0,1.0,0.05114942528735639,-14.920201726019519,0.0,0.0,1.0,5.520407296545272,2305.0,0.823805435044589,2.4435110656057706,5.0,0.274886546625677,0.0,0.0,0.0,0.0,6.303286962528821,2473.0,0.849660475530552,0.18746665492127623,3.04,0.2003571428571429
G-163.json,harmful_reranking_control,3,G-1034.json,2.046085491032234,60.0,349.0,0.09858757062146893,16.0,46.0,0.5166666666666667,60.0,321.0,0.09067796610169492,9.0,56.0,0.5166666666666667,0.0,28.0,0.007909604519774016,7.0,10.0,0.0,-14.920201726019519,0.0,0.0,1.0,5.520407296545272,2305.0,0.823805435044589,2.4435110656057706,5.0,0.274886546625677,0.0,0.0,0.0,0.0,6.614099882203901,2792.0,0.7480925180096893,1.6803150331464967,3.1,0.3146135752688173
G-163.json,harmful_reranking_control,4,G-411.json,2.1139683176356914,60.0,349.0,0.09858757062146893,16.0,46.0,0.5166666666666667,58.0,289.0,0.08741681790683606,15.0,43.0,0.41379310344827586,2.0,60.0,0.011170752714632873,1.0,3.0,0.10287356321839086,-14.920201726019519,0.0,0.0,1.0,5.520407296545272,2305.0,0.823805435044589,2.4435110656057706,5.0,0.274886546625677,-12.431474119777116,0.0,0.0,1.0,7.891371395164141,3296.0,0.8126060742224906,1.7532349940558516,5.0,0.1763157894736842
G-163.json,harmful_reranking_control,5,G-389.json,2.1451123555115172,60.0,349.0,0.09858757062146893,16.0,46.0,0.5166666666666667,57.0,356.0,0.11152882205513784,14.0,46.0,0.49122807017543857,3.0,7.0,0.012941251433668907,2.0,0.0,0.02543859649122815,-14.920201726019519,0.0,0.0,1.0,5.520407296545272,2305.0,0.823805435044589,2.4435110656057706,5.0,0.274886546625677,0.0,0.0,0.0,0.0,3.415186501210643,1464.0,0.8385372895726649,1.4320138378795602,2.0,0.3915384615384616
G-163.json,harmful_reranking_control,6,G-1098.json,2.3054865471186607,60.0,349.0,0.09858757062146893,16.0,46.0,0.5166666666666667,59.0,285.0,0.08328462887200468,14.0,59.0,0.6271186440677966,1.0,64.0,0.015302941749464255,2.0,13.0,0.11045197740112989,-14.920201726019519,0.0,0.0,1.0,5.520407296545272,2305.0,0.823805435044589,2.4435110656057706,5.0,0.274886546625677,0.5292948020724637,0.0,0.0,0.0,6.957317827189277,2663.0,0.7539885562031715,2.394056969098398,5.0,0.19770655270655269
G-163.json,harmful_reranking_control,7,G-490.json,2.395762801574103,60.0,349.0,0.09858757062146893,16.0,46.0,0.5166666666666667,60.0,413.0,0.11666666666666667,19.0,31.0,0.43333333333333335,0.0,64.0,0.018079096045197737,3.0,15.0,0.08333333333333337,-14.920201726019519,0.0,0.0,1.0,5.520407296545272,2305.0,0.823805435044589,2.4435110656057706,5.0,0.274886546625677,4.498851687157762,0.0,0.0,0.0,5.4508298546034455,2515.0,0.7121889189920145,3.757337582042212,5.0,0.35411534701857283
G-163.json,harmful_reranking_control,8,G-1811.json,2.5023943823001487,60.0,349.0,0.09858757062146893,16.0,46.0,0.5166666666666667,60.0,340.0,0.096045197740113,10.0,24.0,0.38333333333333336,0.0,9.0,0.0025423728813559338,6.0,22.0,0.13333333333333336,-14.920201726019519,0.0,0.0,1.0,5.520407296545272,2305.0,0.823805435044589,2.4435110656057706,5.0,0.274886546625677,-5.517338119451163,0.0,0.0,0.0,3.733193660804562,2257.0,0.7421968532885868,0.5273890840514682,2.0,0.3993727598566309
G-163.json,harmful_reranking_control,9,G-1396.json,2.5088401557986737,60.0,349.0,0.09858757062146893,16.0,46.0,0.5166666666666667,57.0,370.0,0.11591478696741854,17.0,59.0,0.5087719298245614,3.0,21.0,0.01732721634594961,1.0,13.0,0.007894736842105288,-14.920201726019519,0.0,0.0,1.0,5.520407296545272,2305.0,0.823805435044589,2.4435110656057706,5.0,0.274886546625677,0.0,0.0,0.0,0.0,15.957740984871359,5892.0,0.7660820128694593,-0.5268607560184928,2.08,0.2071523304281926
G-163.json,harmful_reranking_control,10,G-1204.json,2.5527527849265277,60.0,349.0,0.09858757062146893,16.0,46.0,0.5166666666666667,57.0,295.0,0.09241854636591479,12.0,51.0,0.43859649122807015,3.0,54.0,0.0061690242555541425,4.0,5.0,0.07807017543859657,-14.920201726019519,0.0,0.0,1.0,5.520407296545272,2305.0,0.823805435044589,2.4435110656057706,5.0,0.274886546625677,0.0,0.0,0.0,0.0,4.071393318680241,1658.0,0.8741931186405882,3.1431293539350738,5.0,0.2896344396344396
G-163.json,harmful_reranking_control,11,G-1247.json,2.5650359136862897,60.0,349.0,0.09858757062146893,16.0,46.0,0.5166666666666667,57.0,322.0,0.10087719298245613,15.0,27.0,0.45614035087719296,3.0,27.0,0.0022896223609872035,1.0,19.0,0.06052631578947376,-14.920201726019519,0.0,0.0,1.0,5.520407296545272,2305.0,0.823805435044589,2.4435110656057706,5.0,0.274886546625677,1.6899669605602452,0.0,0.0,0.0,0.6724679820421767,833.0,0.762905162064826,1.450197004045763,3.54,0.2309523809523809
G-163.json,harmful_reranking_control,12,G-1824.json,2.743702791163463,60.0,349.0,0.09858757062146893,16.0,46.0,0.5166666666666667,58.0,312.0,0.09437386569872959,14.0,19.0,0.46551724137931033,2.0,37.0,0.004213704922739342,2.0,27.0,0.05114942528735639,-14.920201726019519,0.0,0.0,1.0,5.520407296545272,2305.0,0.823805435044589,2.4435110656057706,5.0,0.274886546625677,6.92459937676615,0.0,0.0,0.0,2.564912523790876,1731.0,0.7518551540590991,1.3224195669725967,3.0,0.2670645446507516
G-163.json,harmful_reranking_control,13,G-1437.json,2.7443582750422766,60.0,349.0,0.09858757062146893,16.0,46.0,0.5166666666666667,56.0,331.0,0.10746753246753246,16.0,56.0,0.5,4.0,18.0,0.00887996184606353,0.0,10.0,0.01666666666666672,-14.920201726019519,0.0,0.0,1.0,5.520407296545272,2305.0,0.823805435044589,2.4435110656057706,5.0,0.274886546625677,6.785087754900378,0.0,0.0,0.0,6.864383572340781,2535.0,0.7369041781281476,2.3446543490071585,2.22,0.5277777777777778
G-163.json,harmful_reranking_control,14,G-1723.json,2.753796726145325,60.0,349.0,0.09858757062146893,16.0,46.0,0.5166666666666667,56.0,343.0,0.11136363636363636,17.0,49.0,0.42857142857142855,4.0,6.0,0.012776065742167428,1.0,3.0,0.08809523809523817,-14.920201726019519,0.0,0.0,1.0,5.520407296545272,2305.0,0.823805435044589,2.4435110656057706,5.0,0.274886546625677,0.0,0.0,0.0,0.0,7.846978759888268,3082.0,0.7493905098781104,2.2887950873547744,5.0,0.20741758241758246
G-163.json,harmful_reranking_control,15,G-1594.json,2.778818639281438,60.0,349.0,0.09858757062146893,16.0,46.0,0.5166666666666667,59.0,280.0,0.08182349503214495,9.0,34.0,0.5084745762711864,1.0,69.0,0.016764075589323982,7.0,12.0,0.0081920903954803,-14.920201726019519,0.0,0.0,1.0,5.520407296545272,2305.0,0.823805435044589,2.4435110656057706,5.0,0.274886546625677,0.5947803618994065,0.0,0.0,0.0,3.674076116232249,2100.0,0.8511145897139227,0.07483158134555046,1.9,0.34633458646616533
G-163.json,harmful_reranking_control,16,G-1764.json,2.790273964737827,60.0,349.0,0.09858757062146893,16.0,46.0,0.5166666666666667,56.0,340.0,0.11038961038961038,13.0,52.0,0.5,4.0,9.0,0.011802039768141454,3.0,6.0,0.01666666666666672,-14.920201726019519,0.0,0.0,1.0,5.520407296545272,2305.0,0.823805435044589,2.4435110656057706,5.0,0.274886546625677,0.0,0.0,0.0,0.0,8.546286015521252,3388.0,0.6879634577516854,0.4603070766140811,4.0,0.10890804597701154
G-163.json,harmful_reranking_control,17,G-438.json,2.903808060516461,60.0,349.0,0.09858757062146893,16.0,46.0,0.5166666666666667,58.0,325.0,0.09830611010284332,15.0,17.0,0.3793103448275862,2.0,24.0,0.00028146051862561194,1.0,29.0,0.13735632183908053,-14.920201726019519,0.0,0.0,1.0,5.520407296545272,2305.0,0.823805435044589,2.4435110656057706,5.0,0.274886546625677,-5.609884931156277,0.0,0.0,0.0,2.7499850697323414,1818.0,0.7656880712837382,2.0978417670255443,4.14,0.24576719576719586
G-163.json,harmful_reranking_control,18,G-1491.json,2.9163344415428294,60.0,349.0,0.09858757062146893,16.0,46.0,0.5166666666666667,56.0,322.0,0.10454545454545454,13.0,33.0,0.5178571428571429,4.0,27.0,0.005957883923985607,3.0,13.0,0.0011904761904761862,-14.920201726019519,0.0,0.0,1.0,5.520407296545272,2305.0,0.823805435044589,2.4435110656057706,5.0,0.274886546625677,15.22270801460455,0.96,1.0,0.0,6.7131768862440175,3046.0,0.7208428615633089,0.12321879298111704,4.2,0.08333333333333326
G-163.json,harmful_reranking_control,19,G-457.json,2.921478889339755,60.0,349.0,0.09858757062146893,16.0,46.0,0.5166666666666667,56.0,303.0,0.09837662337662338,14.0,35.0,0.5714285714285714,4.0,46.0,0.0002109472448455496,2.0,11.0,0.05476190476190468,-14.920201726019519,0.0,0.0,1.0,5.520407296545272,2305.0,0.823805435044589,2.4435110656057706,5.0,0.274886546625677,0.0,0.0,0.0,0.0,9.350483311124805,3968.0,0.702659338738138,0.46159732413192295,2.0,0.28498696643857924
G-163.json,harmful_reranking_control,20,G-676.json,2.9592945327736406,60.0,349.0,0.09858757062146893,16.0,46.0,0.5166666666666667,56.0,368.0,0.11948051948051948,14.0,45.0,0.5535714285714286,4.0,19.0,0.020892948859050547,2.0,1.0,0.036904761904761885,-14.920201726019519,0.0,0.0,1.0,5.520407296545272,2305.0,0.823805435044589,2.4435110656057706,5.0,0.274886546625677,0.6438346454974981,0.0,0.0,0.0,8.193160167061128,3366.0,0.7919227234322068,2.83201466518442,5.0,0.2474717311673833
