graph_id,seed_count,median_2stage_top1_top2_pred_margin,median_2stage_top1_top5_pred_margin,median_2stage_top1_top2_pred_margin_pct,median_2stage_top1_top5_pred_margin_pct,mean_2stage_top5_within_1pct_count,mean_2stage_top5_within_5pct_count,median_2stage_top5_mean_jaccard_to_rank1,median_2stage_top5_diversity_from_rank1,rank1_unique_signature_count,rank1_unique_signature_rate,rank1_modal_signature_rate,ranking_ambiguity_score
G-1.json,50,3.212929996157328,5.835511352269634,0.015255215156768429,0.02770717032227532,1.0,5.0,0.8654761904761904,0.1345238095238096,1,0.02,1.0,-3.448504659335489
G-4.json,50,0.7792368800205907,1.7068692007214565,0.00538247541182201,0.011790742639912758,2.62,5.0,0.7752100840336134,0.22478991596638664,1,0.02,1.0,0.202517114085898
G-6.json,50,1.2520617955259468,3.9607964400496343,0.0090224793150867,0.02885011287472218,1.98,5.0,0.7065563725490196,0.2934436274509804,1,0.02,1.0,-0.7008032123059565
G-13.json,50,4.344656167447212,7.329496993224197,0.020608275972458557,0.03486409198630271,1.0,5.0,0.8447368421052631,0.15526315789473688,1,0.02,1.0,-4.114553195086426
G-14.json,50,0.06614677894495458,1.5038438635535556,0.0004339153225403139,0.00978439947747301,4.88,5.0,0.6982513100934153,0.30174868990658466,2,0.04,0.66,3.1408091387135597
G-23.json,50,0.874144193730686,3.564720267014792,0.004067208102301125,0.016517384673940143,2.0,5.0,0.7889610389610389,0.21103896103896114,1,0.02,1.0,-0.4106486947384582
G-30.json,50,2.7109098058188934,6.569771058330275,0.04925036440655106,0.11933404928606542,1.0,2.0,0.6904761904761905,0.30952380952380953,1,0.02,1.0,-9.06143945867956
G-39.json,50,1.1044447329333735,2.305085482839189,0.009737589105764756,0.020236718269998233,1.98,5.0,0.7939560439560439,0.2060439560439561,1,0.02,1.0,-1.2216486479693434
G-43.json,50,0.09269037493471899,0.949927645940079,0.0005217058854821836,0.005342265560262989,5.0,5.0,0.6128987240829347,0.38710127591706534,2,0.04,0.96,4.144059427512008
G-51.json,50,2.3092937433163883,4.9725798453892835,0.023283927553813887,0.05014908754487013,1.0,4.38,0.6767676767676767,0.3232323232323233,1,0.02,1.0,-3.5006885541058783
G-54.json,50,3.8676293466273677,4.4994185876380755,0.023447827432652314,0.027312022334371744,1.0,5.0,0.6595792483660131,0.3404207516339869,1,0.02,1.0,-2.49271569449691
G-61.json,50,0.6023619590470872,6.738125354506764,0.004284595048349278,0.0478851425806992,2.0,4.8,0.6378968253968254,0.36210317460317465,1,0.02,1.0,-0.29709960313300354
G-64.json,50,0.3012399679753912,6.258493198263409,0.0010658355851242238,0.02213909683331941,3.0,5.0,0.8646153846153847,0.13538461538461533,1,0.02,1.0,-0.24295853501130016
G-65.json,50,1.5067650287205083,3.9522433968749624,0.012422089049010362,0.032695541933663294,1.0,5.0,0.7760989010989011,0.22390109890109888,1,0.02,1.0,-2.5436736889441094
G-88.json,50,2.309293593702691,4.616185590768936,0.014390868046523541,0.028772252645789764,1.0,5.0,0.9019607843137255,0.0980392156862745,1,0.02,1.0,-3.719111723797652
G-93.json,50,0.12408206124074184,1.785600272676561,0.0007136267602196301,0.010328319629005116,4.18,5.0,0.806673546611627,0.19332645338837295,2,0.04,0.72,1.6199910159437214
G-96.json,50,1.2048489355761802,2.227121497598816,0.006854459774011223,0.012675307885265217,3.0,5.0,0.6634453781512605,0.3365546218487395,1,0.02,1.0,1.2764659487466075
G-102.json,50,1.8908057175034116,6.019301681030271,0.012564990538196107,0.040075779643245726,1.0,5.0,0.713095238095238,0.286904761904762,1,0.02,1.0,-2.2838300869975976
G-103.json,50,0.016678641072644496,0.5959114709223456,0.00010251375801898311,0.0036947557663822277,5.0,5.0,0.5295180061484409,0.4704819938515591,2,0.04,0.84,4.989985335710077
G-110.json,50,0.6622212979976183,3.303193342350241,0.0038550401033270155,0.019196433714800114,2.0,5.0,0.7588383838383838,0.24116161616161624,1,0.02,1.0,-0.2237497136274117
G-114.json,50,1.1498372416179592,3.078474067088905,0.0061157545385090144,0.016357465705409066,2.4,5.0,0.6214676527176528,0.3785323472823472,1,0.02,1.0,1.1489488214021009
G-116.json,50,0.01201154533541171,1.1157835786766839,4.229850477588618e-05,0.003885331395058136,5.0,5.0,0.7072140341119763,0.29278596588802375,1,0.02,1.0,3.4167796605698655
G-117.json,50,0.5750865256170528,2.1692837788861112,0.0029784284364592134,0.011193607751004734,4.06,5.0,0.46130952380952384,0.5386904761904762,1,0.02,1.0,4.311807350643347
G-118.json,50,0.8032327234599279,1.6705326518716959,0.0061912130918055416,0.012816785767267583,3.0,5.0,0.6989583333333333,0.30104166666666665,1,0.02,1.0,1.0281521610267856
G-119.json,50,4.9687948071546515,5.571335761368758,0.024373916115177974,0.027233259634567512,1.0,5.0,0.6634939621781727,0.3365060378218273,1,0.02,1.0,-2.623960969079198
G-120.json,50,0.07488555351967818,0.9389744265501037,0.00042808026356276293,0.005343366468886583,5.0,5.0,0.8259398496240602,0.1740601503759398,2,0.04,0.94,2.268933875717811
G-124.json,50,0.888538308081479,3.4922476857050953,0.003854389341915996,0.01516596614474894,2.08,5.0,0.8131868131868132,0.18681318681318682,1,0.02,1.0,-0.4920885034336288
G-130.json,50,1.3052529137983555,4.094635281027209,0.007839147516872681,0.02459848922129535,2.0,5.0,0.834436274509804,0.16556372549019605,1,0.02,1.0,-1.527887233565472
G-131.json,50,1.7858946534226234,3.1906532025259864,0.016736212452125247,0.029852983037262495,1.0,5.0,0.6590909090909092,0.34090909090909083,1,0.02,1.0,-1.8636303429307068
G-135.json,50,0.8032327234599137,2.696449650038872,0.005046567933617621,0.016983704545317706,3.0,5.0,0.6562023264683449,0.34379767353165513,1,0.02,1.0,1.3702352870243986
G-138.json,50,1.917908819548522,4.453506881785444,0.016357157388830257,0.037997385524201094,1.0,5.0,0.5865384615384616,0.41346153846153844,1,0.02,1.0,-1.492374758350659
G-141.json,50,3.114478905539208,5.022875629107602,0.031968092190889974,0.05149677054251167,1.0,4.12,0.6192307692307691,0.38076923076923086,1,0.02,1.0,-3.9772429605601984
G-142.json,50,3.099806297513908,3.396318333807841,0.01814510718485366,0.019868085716871636,1.0,5.0,0.6352978056426333,0.3647021943573667,1,0.02,1.0,-1.4227248256578924
G-145.json,50,0.5313658016710576,2.1459965583209026,0.0021914878838070776,0.008814075769348697,5.0,5.0,0.7821852060982496,0.2178147939017504,1,0.02,1.0,2.333670123755774
G-146.json,50,0.011960016540768947,4.879375795075674,6.236904846912083e-05,0.025174619168165588,2.0,5.0,0.7095238095238094,0.29047619047619055,2,0.04,0.58,0.3919313947401388
G-154.json,50,0.6375253276921882,1.890069254241439,0.004759293407852805,0.01410999997966576,3.0,5.0,0.5614766081871345,0.4385233918128655,1,0.02,1.0,2.3492618788596342
G-161.json,50,1.764002548524651,5.836648755126248,0.016467188511621246,0.05446778980296816,1.0,4.0,0.5866477272727273,0.4133522727272727,1,0.02,1.0,-2.1351623542098617
G-163.json,50,1.2027678721589865,1.8859568028062341,0.005778097338866415,0.009059055660813334,5.0,5.0,0.725113453374323,0.274886546625677,1,0.02,1.0,2.4435110656057706
G-175.json,50,0.27195897208937936,1.1122424361877563,0.001410416606739547,0.005749819977955558,5.0,5.0,0.5033333333333333,0.4966666666666667,2,0.04,0.56,5.002394181772039
G-178.json,50,0.4016162121162239,4.699489337453571,0.0018883388191958104,0.022154562726588237,2.0,5.0,0.7635551948051948,0.2364448051948052,1,0.02,1.0,-0.16708071448074174
G-186.json,50,4.485111730900826e-07,0.8015025225615062,3.6058065142541654e-09,0.00646453833323192,5.0,5.0,0.8041053921568627,0.19589460784313728,2,0.04,0.86,2.465305290454116
G-189.json,50,1.0062654710319237,4.385081077294103,0.005121946395986204,0.02226112272871933,3.0,5.0,0.8217105263157894,0.17828947368421055,1,0.02,1.0,-0.30427772592372204
G-191.json,50,0.7033780200832496,1.8952475592541305,0.003594822808553076,0.009693100877796897,4.7,5.0,0.4519088669950739,0.5480911330049261,1,0.02,1.0,4.852842859289417
G-193.json,50,0.698137782197179,2.1325430132140184,0.0031267744518166185,0.009515304090115233,5.0,5.0,0.6362142561739336,0.36378574382606643,1,0.02,1.0,3.497906797346406
G-198.json,50,1.7704808482334045,2.985152555770952,0.008480686011287333,0.014260807302977494,2.14,5.0,0.695588469501513,0.304411530498487,1,0.02,1.0,0.12925320999704895
G-200.json,50,0.2972735299074003,0.3607757577361639,0.0018078500578517479,0.0021652284842148353,5.0,5.0,0.6232619719461825,0.3767380280538175,2,0.04,0.98,4.035529527413053
G-201.json,50,3.2939717831927595,4.099627608912854,0.020788893468050258,0.025855555652982042,1.0,5.0,0.8198529411764706,0.18014705882352944,1,0.02,1.0,-3.56921751708467
G-206.json,50,0.20428004574458214,5.030091420572717,0.0006803963233018152,0.01671109226551354,3.0,5.0,0.5792207792207792,0.4207792207792208,1,0.02,1.0,2.5315156506038923
G-209.json,50,1.1554190275525684,2.2302634201584084,0.006263199271785959,0.012120911188927937,4.0,5.0,0.814327485380117,0.185672514619883,1,0.02,1.0,0.755464356586932
G-217.json,50,1.807273104136783,3.2812580559374,0.008598402663756475,0.015519981697132125,2.0,5.0,0.6306556543156994,0.36934434568430063,1,0.02,1.0,0.5409000816278595
G-223.json,50,1.9076775686035887,5.898468069652836,0.013874151627217071,0.04290694152223051,1.0,5.0,0.759077380952381,0.24092261904761902,1,0.02,1.0,-2.9398303904774834
G-224.json,50,0.9736301631177469,2.69867839588197,0.004711501894122651,0.013036751818939925,2.7,5.0,0.5789832356548998,0.42101676434510016,1,0.02,1.0,2.021747016443517
G-228.json,50,1.8721426203591562,6.13994379281732,0.012994381859291738,0.04279867521979218,1.0,5.0,0.6374387254901961,0.3625612745098039,1,0.02,1.0,-1.7647002377020224
G-229.json,50,1.0238453427585341,2.7883776134411775,0.007982184140935752,0.0216985139257614,3.0,5.0,0.7516483516483516,0.24835164835164836,1,0.02,1.0,0.029536819110149104
G-234.json,50,3.012122338940401,4.462033101230276,0.02046599005396266,0.030320310155892385,1.0,5.0,0.7751984126984126,0.2248015873015874,1,0.02,1.0,-3.310119929948959
G-247.json,50,2.300291505849671,5.920443980630893,0.015427611442518717,0.03992945717703853,1.0,5.0,0.6357413140694874,0.3642586859305126,1,0.02,1.0,-1.9016715389651104
G-255.json,50,0.11347971337542617,2.0139888138547093,0.0006310764747709151,0.011297779666166196,4.12,5.0,0.6030998389694042,0.3969001610305958,2,0.04,0.62,3.3494099309006398
G-257.json,50,0.7028280719759437,1.9076775312001644,0.00539003291080916,0.01463009957395655,3.0,5.0,0.5861068111455108,0.4138931888544892,1,0.02,1.0,2.0435736641376927
G-262.json,50,0.1326071123906587,2.911718360718197,0.0010047027409912839,0.02203710942005313,2.0,5.0,0.8739583333333334,0.1260416666666666,1,0.02,1.0,-1.044470611024845
G-270.json,50,0.6904384262788028,4.908537554007424,0.0036509319594293784,0.025937792682237275,2.0,5.0,0.7240794674433118,0.27592053255668825,1,0.02,1.0,-0.1520738146224342
G-283.json,50,0.09062436401252683,1.7049632999840014,0.0003720572829739208,0.006955243942235981,5.0,5.0,0.6015043290043289,0.39849567099567107,2,0.04,0.96,4.19928770903106
G-285.json,50,0.09609064025730163,2.0177109129545414,0.0004656759320627595,0.009767803980945896,4.3,5.0,0.8485671936758893,0.1514328063241107,1,0.02,1.0,1.3849120918811495
G-287.json,50,0.1004039782221895,4.644892338146562,0.0004979867163214954,0.023049188438645028,2.0,5.0,0.8115800865800866,0.18841991341991338,1,0.02,1.0,-0.47670420465400554
G-292.json,50,0.27701406864885314,3.6180457574925597,0.0021162126038637157,0.027552987566227018,3.12,5.0,0.5586423992673992,0.4413576007326008,1,0.02,1.0,2.2319820869600524
G-313.json,50,0.36269528429400566,1.4352861860823083,0.0019510856134344527,0.007685044243105177,5.0,5.0,0.5118729096989967,0.4881270903010033,1,0.02,1.0,4.7946492923039035
G-317.json,50,1.2748493724275534,2.9054321619944687,0.005645502781703173,0.012853766428966847,3.0,5.0,0.8606410256410256,0.13935897435897437,1,0.02,1.0,-0.3452563525879878
G-318.json,50,0.9989531014688993,4.919799720526811,0.0049129192927351295,0.024219845745369138,2.0,5.0,0.8133040935672515,0.18669590643274847,1,0.02,1.0,-1.0116418717124114
G-322.json,50,2.656614117455959,4.815684268312225,0.015137333897161894,0.0273370531629753,1.0,5.0,0.7555899552803578,0.24441004471964223,1,0.02,1.0,-2.449308231806906
G-323.json,50,0.702812307383823,2.6105061268241485,0.004314329720107663,0.016024649310083322,3.0,5.0,0.600547138047138,0.399452861952862,1,0.02,1.0,1.9781646929995595
G-326.json,50,1.4499132479251529,4.4112374359747974,0.007960987704711577,0.024367622370707387,2.62,5.0,0.7025662806555255,0.2974337193444745,1,0.02,1.0,0.08690155077679981
G-327.json,50,1.4814448226387071,4.6016356923186805,0.007558038824785528,0.023545592917880498,2.18,5.0,0.7011998870694524,0.29880011293054765,1,0.02,1.0,-0.14711963548670864
G-330.json,50,1.0199024835401147,3.112526317162583,0.011677872130922456,0.03556079165247241,1.02,5.0,0.7867965367965368,0.21320346320346317,1,0.02,1.0,-2.6532889476086643
G-333.json,50,5.221011655193394,6.9571288704618155,0.03943361318250575,0.05256164475177645,1.0,4.0,0.7514194139194139,0.24858058608058609,1,0.02,1.0,-5.990733197812657
G-334.json,50,1.4366435240194164,3.093721127508104,0.005971190098168379,0.012884501607338141,3.04,5.0,0.7996428571428571,0.2003571428571429,1,0.02,1.0,0.18746665492127623
G-337.json,50,3.263967566963373,4.47393255545839,0.013517414858192306,0.018496331521791275,1.0,5.0,0.6579323974376448,0.34206760256235524,1,0.02,1.0,-1.0727531111654238
G-338.json,50,1.204848935576159,4.417779249662644,0.012466998121091135,0.045712324573372765,1.0,5.0,0.8386363636363637,0.16136363636363626,1,0.02,1.0,-3.599770429627598
G-340.json,50,0.8032330226873654,2.352378915579692,0.00388040227592167,0.011388934387573116,2.8,5.0,0.8115800865800866,0.18841991341991338,1,0.02,1.0,0.18890751608364198
G-350.json,50,0.6024244677880972,3.2105129095259315,0.003783838006687866,0.020078111028578517,2.0,5.0,0.7110853113175094,0.2889146886824906,1,0.02,1.0,0.1727421707479127
G-365.json,50,1.4058604729508772,2.9328363305544514,0.008823409976628008,0.018506995091938976,3.0,5.0,0.718266253869969,0.281733746130031,1,0.02,1.0,0.35651283525525485
G-375.json,50,0.3316377596901816,1.221413246118928,0.0019967119613536304,0.007342096375970245,5.0,5.0,0.5167838874680306,0.4832161125319694,1,0.02,1.0,4.759402774266825
G-388.json,50,0.8902702888138947,4.618587486632791,0.005047456936517266,0.026175774755304054,2.0,5.0,0.816812865497076,0.183187134502924,1,0.02,1.0,-1.1319754967871312
G-389.json,50,0.5125440386548945,2.711701025132598,0.0026603361845432324,0.014056505927979999,2.0,5.0,0.6084615384615384,0.3915384615384616,1,0.02,1.0,1.4320138378795602
G-392.json,50,0.5020204895658935,3.4658394637036167,0.0025458338088882437,0.017568417732003325,3.0,5.0,0.8831168831168831,0.11688311688311692,1,0.02,1.0,-0.3910484007982269
G-393.json,50,1.5174746741239602,2.7109101050463664,0.009445905734556219,0.01684161229669693,1.98,5.0,0.777450980392157,0.222549019607843,1,0.02,1.0,-0.9143620083977758
G-407.json,50,0.16078171731255964,2.971698555694715,0.0009297501303869543,0.01711783662563479,2.0,5.0,0.8814338235294117,0.11856617647058831,1,0.02,1.0,-0.9143973209858536
G-411.json,50,0.8676860872769225,1.806333648077512,0.004208605912113663,0.00871583201376909,5.0,5.0,0.8236842105263158,0.1763157894736842,1,0.02,1.0,1.7532349940558516
G-429.json,50,0.2830129737313598,2.400097940670719,0.0017265693824592512,0.014573110254820307,3.0,5.0,0.8300653594771241,0.16993464052287588,1,0.02,1.0,0.281088625191543
G-432.json,50,0.4044548616287855,3.0555502339086544,0.0037615571655595656,0.02834982964005868,2.0,5.0,0.7041666666666666,0.2958333333333334,1,0.02,1.0,-0.080028733758124
G-433.json,50,1.2162686919181738,7.137611043726793,0.00784091448896597,0.04617112407563007,2.0,5.0,0.7013888888888888,0.29861111111111116,1,0.02,1.0,-1.175912669386577
G-435.json,50,1.7300136348051751,4.013522124891253,0.009920539391935082,0.022875341100862374,1.54,5.0,0.8423202614379085,0.1576797385620915,1,0.02,1.0,-2.0911174166789093
G-437.json,50,4.417779380574672,5.681848069482413,0.02150391947689372,0.027661015710308705,1.0,5.0,0.7429647488285932,0.2570352511714068,1,0.02,1.0,-3.034822479115884
G-438.json,50,0.06735913102278346,1.8679181733459984,0.000367833921921071,0.01017693420784697,4.14,5.0,0.7542328042328041,0.24576719576719586,1,0.02,1.0,2.0978417670255443
G-440.json,50,0.6605019292810681,2.88486712389858,0.0050429732538839695,0.02206899427435821,2.8,5.0,0.6357413140694874,0.3642586859305126,1,0.02,1.0,1.2113041095200727
G-445.json,50,4.842644500773702,7.0999718744150755,0.02411217102594897,0.03533118968066311,1.0,5.0,0.7048701298701299,0.29512987012987013,1,0.02,1.0,-3.2716761529950555
G-447.json,50,0.39151442926018376,2.417372404388516,0.0019210622968892012,0.01184804251625025,4.0,5.0,0.7376623376623377,0.2623376623376623,1,0.02,1.0,1.9113694200844742
G-449.json,50,0.3961585075917142,1.68300203981088,0.003962215877230708,0.016833111904806106,2.0,5.0,0.5525412087912087,0.4474587912087913,1,0.02,1.0,1.6805963195123108
G-451.json,50,1.3322252114074757,2.2352787008542094,0.00812536971023288,0.013645023372161225,2.28,5.0,0.7953431372549019,0.2046568627450981,1,0.02,1.0,-0.5895759211040293
G-457.json,50,1.0870360250304145,3.678278490012417,0.0035835531619844525,0.012180847053043075,2.0,5.0,0.7150130335614208,0.28498696643857924,1,0.02,1.0,0.46159732413192295
G-460.json,50,0.10040457667710712,1.5060614686976521,0.000579358723757892,0.008690339417610013,5.0,5.0,0.5249785902503293,0.47502140974967066,1,0.02,1.0,4.787781774490855
G-466.json,50,1.6190070504670473,3.1259239429259225,0.00953800935119979,0.01845080333509281,1.78,5.0,0.34375,0.65625,1,0.02,1.0,2.7060423676889602
G-468.json,50,2.008081584229217,2.7127469544123386,0.011028124756637782,0.014900560433791222,1.0,5.0,0.8620098039215687,0.13799019607843133,1,0.02,1.0,-2.4732853589102577
G-469.json,50,1.2313582492497517,1.289443805354665,0.005930281392387901,0.006240824181661659,5.0,5.0,0.7967955957086391,0.20320440429136089,1,0.02,1.0,1.900637236263869
G-471.json,50,2.0080816590360797,3.8213282221478977,0.014271380052834308,0.02704236901588362,1.0,5.0,0.6415032679738562,0.35849673202614385,1,0.02,1.0,-1.335359560999129
G-476.json,50,0.7933771523995006,2.8259658525981735,0.005244924119839387,0.018597232239996254,2.0,5.0,0.8052083333333333,0.1947916666666667,1,0.02,1.0,-0.7606551133756048
G-484.json,50,1.3831616332959555,3.5917088573279443,0.007396452965112446,0.01931028703085262,2.0,5.0,0.7821637426900585,0.2178362573099415,1,0.02,1.0,-0.8154480842143765
G-487.json,50,1.7068694251420453,3.8974339978990145,0.011999734662659169,0.02741467369181879,1.0,5.0,0.8198529411764706,0.18014705882352944,1,0.02,1.0,-2.6834212470908967
G-490.json,50,0.3029616935121737,1.3360718635001376,0.0012861140384823712,0.00567196188067052,5.0,5.0,0.6458846529814272,0.35411534701857283,2,0.04,0.96,3.757337582042212
G-493.json,50,1.8421245022129398,4.967743587427492,0.008304524691624647,0.022392627484187244,2.0,5.0,0.8200639939770376,0.17993600602296245,1,0.02,1.0,-1.3663965860678144
G-497.json,50,2.0080815094223468,3.112526317162583,0.02377193128093444,0.03684649321977654,1.0,5.0,0.7576388888888889,0.24236111111111114,1,0.02,1.0,-3.7599761461501817
G-501.json,50,0.502020377355592,5.522223889087442,0.002997566726520997,0.032973232428378685,3.0,5.0,0.7577668128654971,0.24223318713450293,1,0.02,1.0,0.08032848486556388
G-505.json,50,0.9036367016821032,2.409697571924852,0.004745745531623633,0.012655319846171452,3.76,5.0,0.8928571428571429,0.1071428571428571,1,0.02,1.0,0.02832535919577106
G-507.json,50,1.0040407547111698,4.35930553529937,0.008594815808142663,0.037390796392175976,2.0,5.0,0.7397243107769422,0.26027568922305777,1,0.02,1.0,-1.2603868547810924
G-509.json,50,1.0639153385320839,3.9157590406225182,0.006754987307985608,0.024851346407995745,3.0,5.0,0.7409663865546219,0.2590336134453781,1,0.02,1.0,0.13547194818752878
G-511.json,50,1.9951881493104224,5.506149790308399,0.008003301099639804,0.022113316071102274,2.0,5.0,0.7722727272727273,0.22772727272727267,1,0.02,1.0,-0.9004165387996639
G-514.json,50,1.707198662248416,2.8389485386431232,0.012018471778641742,0.019934833713288885,1.0,5.0,0.6069444444444444,0.3930555555555556,1,0.02,1.0,-0.5153555856254057
G-538.json,50,1.606465484323266,3.815355399031205,0.009483858283397463,0.02252416267782404,2.0,5.0,0.6972718253968254,0.3027281746031746,1,0.02,1.0,-0.41172505853598007
G-539.json,50,0.20080818086498198,2.199057925458959,0.0014928726772964272,0.016309190950263765,3.0,5.0,0.6012254901960784,0.3987745098039216,1,0.02,1.0,2.264776866732967
G-541.json,50,0.10040337976727187,1.4759302506255239,0.0004991864693864597,0.007330840093699527,5.0,5.0,0.6984472049689441,0.3015527950310559,1,0.02,1.0,3.3134199013712817
G-542.json,50,1.0414493227391262,6.064983234295127,0.005131867074324611,0.029857069347051048,2.0,5.0,0.791017316017316,0.20898268398268405,1,0.02,1.0,-1.0536038352272568
G-543.json,50,3.436818460180149,6.643598428885838,0.021972654423204944,0.042486616842285774,1.0,5.0,0.7088439542483661,0.2911560457516339,1,0.02,1.0,-3.3503878387116655
G-546.json,50,2.003869108346649,3.5907900123392125,0.010419729501077606,0.01871551570842635,1.28,5.0,0.7067099567099567,0.29329004329004327,1,0.02,1.0,-0.9753388780780798
G-548.json,50,1.0036585125829447,2.0086668939091084,0.0045368966345463385,0.009073795973294652,5.0,5.0,0.8115800865800866,0.18841991341991338,1,0.02,1.0,1.8113362473186498
G-552.json,50,3.740343146318992e-07,0.7143092889803668,3.5835591940397395e-09,0.006872824971387033,5.0,5.0,0.7227564102564104,0.27724358974358965,1,0.02,1.0,3.1695279666212404
G-563.json,50,0.9036367016821245,3.60807848433177,0.009298837814203088,0.037145204538688095,2.0,5.0,0.6433760683760684,0.3566239316239316,1,0.02,1.0,-0.47415865867486406
G-569.json,50,1.3782574524058475,2.580492733748386,0.009484239712448848,0.017739910664469352,2.02,5.0,0.6904761904761905,0.30952380952380953,1,0.02,1.0,-0.15405138962301815
G-570.json,50,0.6544650033668233,1.8005319715293098,0.004062581798579065,0.011193052567124426,4.0,5.0,0.5935007974481659,0.40649920255183414,1,0.02,1.0,2.981717705396971
G-584.json,50,2.2545895541391303,5.474049826664768,0.008884148960496708,0.021567064900942904,2.0,5.0,0.8265669515669516,0.1734330484330484,1,0.02,1.0,-1.4547114706149584
G-592.json,50,2.6244440452483584,11.202516568224187,0.11027017631991083,0.47092675685143814,1.0,1.0,0.5625,0.4375,1,0.02,1.0,-27.94103095698511
G-600.json,50,0.9036365520684058,2.5796931991457797,0.005860024091725374,0.01675792395698646,3.0,5.0,0.5230467473030402,0.47695325269695976,1,0.02,1.0,2.4696342179473496
G-601.json,50,2.480037735293081,5.869526430590454,0.017515202220960955,0.041385201580394104,1.0,5.0,0.6281862745098039,0.3718137254901961,1,0.02,1.0,-2.115058004242907
G-607.json,50,0.27020892886230286,2.3946301956113984,0.0020391983427784323,0.018081246384213365,2.0,5.0,0.6807348901098902,0.3192651098901098,1,0.02,1.0,0.705352846495557
G-611.json,50,1.104445163072839,2.9117185664370737,0.007925644349606012,0.020894876971092196,2.0,5.0,0.7677696078431372,0.2322303921568628,1,0.02,1.0,-0.8056113382937771
G-629.json,50,1.5037111309651863,3.0453002475348825,0.009140423256132454,0.018559343093005415,3.0,5.0,0.7805297557619538,0.21947024423804617,1,0.02,1.0,-0.2305460965991512
G-638.json,50,1.4613139165321343,6.295976061653633,0.006748260095359471,0.02910627873202308,2.0,5.0,0.8154244306418219,0.1845755693581781,1,0.02,1.0,-1.4147317869331721
G-642.json,50,0.3012119346665827,3.9157587413950523,0.0016790947254280444,0.0218282514469543,2.0,5.0,0.8391812865497077,0.1608187134502923,1,0.02,1.0,-0.8012903383438589
G-644.json,50,1.395101185059218,2.2868509138558863,0.00935056471744715,0.015191926028099273,1.84,5.0,0.641204727505037,0.35879527249496296,1,0.02,1.0,0.2625026277558954
G-646.json,50,0.09954361638250475,2.1215644814816983,0.0006753689828408501,0.01445424069461412,4.0,5.0,0.7825980392156863,0.21740196078431373,2,0.04,0.6,1.5480540435242354
G-663.json,50,1.4773212502327908,2.183759398906332,0.0060950269318701174,0.009000252379173002,5.0,5.0,0.6669337606837606,0.33306623931623935,1,0.02,1.0,2.9264882362964815
G-664.json,50,0.602424467788083,2.108485936485721,0.004063437199025418,0.014222032214919697,3.02,5.0,0.6596214243273066,0.34037857567269336,1,0.02,1.0,1.565952709886424
G-676.json,50,0.0,2.11360923689017,0.0,0.00880929390463697,5.0,5.0,0.7525282688326167,0.2474717311673833,2,0.04,0.84,2.83201466518442
G-689.json,50,3.0034175714504556,4.308594832057878,0.016448056905298686,0.023572548482055564,1.0,5.0,0.7154605263157895,0.2845394736842105,1,0.02,1.0,-2.0912129691783803
G-692.json,50,1.5430834516072593,3.45135354468691,0.007039804785297128,0.01574831968657215,4.0,5.0,0.8769292301900997,0.12307076980990028,1,0.02,1.0,-0.020769321309015876
G-694.json,50,1.3330835835090227,3.2396964058197426,0.00747942615524354,0.01812360656043913,2.0,5.0,0.5882675438596492,0.4117324561403508,1,0.02,1.0,0.936761875765111
G-696.json,50,5.708368010091149,6.361841311318997,0.0264569604056455,0.029483806683693426,1.0,5.0,0.8784461152882206,0.12155388471177941,1,0.02,1.0,-4.836176916899274
G-704.json,50,1.025144873829447,4.369480424736906,0.0037710259279895427,0.016054876086944114,3.0,5.0,0.5495986830876474,0.45040131691235263,1,0.02,1.0,2.486282398000207
G-725.json,50,0.16477471057410753,3.3345793669958113,0.0010688441540538103,0.02172579131083993,3.0,5.0,0.8391812865497077,0.1608187134502923,1,0.02,1.0,-0.0024126276881886177
G-727.json,50,0.8837753367940095,3.1931219933220802,0.007163882479327664,0.025882367446643337,2.0,5.0,0.6671245421245422,0.3328754578754578,1,0.02,1.0,-0.023852963463852184
G-735.json,50,1.3052529886052184,3.839013900246073,0.007837752231597047,0.023057135185391875,2.0,5.0,0.7206648868548182,0.2793351131451818,1,0.02,1.0,-0.4620428570870127
G-740.json,50,0.9036364024546515,4.132764639214884,0.006869208683217578,0.031470384485730536,2.0,5.0,0.8131868131868132,0.18681318681318682,1,0.02,1.0,-1.498367676739388
G-741.json,50,0.8027049931365582,0.9647091347929404,0.003924049779783371,0.004705498010858059,5.0,5.0,0.5609903861433339,0.43900961385666615,1,0.02,1.0,4.261757911928253
G-743.json,50,0.3879140073356382,4.965149198152119,0.001900137432951179,0.02422302146053483,2.94,5.0,0.6900703463203464,0.30992965367965364,1,0.02,1.0,1.0883403746781417
G-747.json,50,0.7799029780969136,2.370177701890576,0.007047693894538343,0.021436812895078892,2.0,5.0,0.7073717948717948,0.2926282051282052,1,0.02,1.0,-0.19745369045782732
G-758.json,50,2.7900089848151026,3.4137387006703506,0.011960557390280168,0.01460316241475277,1.0,5.0,0.7444871794871795,0.25551282051282054,1,0.02,1.0,-1.5222777659843414
G-764.json,50,0.13725265729334524,2.1527942458206155,0.000651532238519608,0.010299041371581457,4.0,5.0,0.7927318295739348,0.20726817042606516,2,0.04,0.76,1.6198807486639342
G-765.json,50,1.9076773815864243,2.510101849374493,0.011017969711383434,0.01449732874952727,1.0,5.0,0.8771069831441349,0.12289301685586507,1,0.02,1.0,-2.590361240442361
G-775.json,50,0.43491272621254495,4.484016440380074,0.002043995097673535,0.020908036012157842,3.0,5.0,0.7794590643274855,0.22054093567251454,1,0.02,1.0,0.45244007483784865
G-776.json,50,3.08774919584215,8.267892953105616,0.01742023108820353,0.046665044763673336,1.0,5.0,0.7805297557619538,0.21947024423804617,1,0.02,1.0,-3.6548478859764675
G-777.json,50,0.08986135172821719,2.3321127708369147,0.0003993486895505395,0.010445511293308344,3.88,5.0,0.6940795475278234,0.3059204524721766,2,0.04,0.78,2.4268399568660217
G-778.json,50,1.0703721081225126,2.2004994671633114,0.015542042719327857,0.03199644971679796,1.0,5.0,0.6209595959595959,0.37904040404040407,1,0.02,1.0,-1.479746815787573
G-781.json,50,1.0040408295180399,2.1084857120651392,0.012081818881425385,0.025371819290927,1.0,5.0,0.5246503496503496,0.4753496503496504,1,0.02,1.0,-0.0019292053732820058
G-788.json,50,0.204323636080872,3.8829468521027763,0.0012573095836783373,0.024036758658567494,2.0,5.0,0.7732638888888889,0.22673611111111114,2,0.04,0.76,-0.25710538952052264
G-799.json,50,0.9984706893200439,2.60370997616279,0.004149824015520598,0.010857976119814771,4.2,5.0,0.5871510673234811,0.4128489326765189,1,0.02,1.0,3.187200181265616
G-810.json,50,0.6678503474795576,2.878057253887178,0.004249851467432275,0.01825584200823212,3.0,5.0,0.7378063725490196,0.2621936274509804,1,0.02,1.0,0.6851813610816434
G-817.json,50,0.03470134568280514,4.577505115945868,0.0002522829468809385,0.033458386604591085,3.0,5.0,0.7432598039215685,0.25674019607843146,2,0.04,0.54,0.4854454814022573
G-821.json,50,0.31658598207282296,1.1044445085127563,0.0016245414955451825,0.005684762917976064,5.0,5.0,0.7846149464570518,0.21538505354294823,1,0.02,1.0,2.4928498248235695
G-824.json,50,0.9036370009095691,2.495014699371694,0.004374408759268368,0.012053273678079374,3.76,5.0,0.6939718614718615,0.3060281385281385,1,0.02,1.0,1.8511898391287536
G-832.json,50,1.7193873802352755,3.124893046511687,0.02302922393961504,0.041861800198677745,1.0,5.0,0.41943473193473196,0.580565268065268,1,0.02,1.0,-0.879222694074683
G-833.json,50,1.3052529137983413,6.986708835288894,0.009028750875475524,0.04832705448484084,2.0,5.0,0.8375,0.16249999999999998,1,0.02,1.0,-2.5905666767894613
G-841.json,50,0.4066390129881654,4.216971124902813,0.002218612686358838,0.022981570932957822,2.0,5.0,0.8021825396825397,0.19781746031746028,1,0.02,1.0,-0.5760452245688266
G-859.json,50,1.7068691259145794,2.33144326965774,0.018708311120253285,0.0255472476134563,1.0,5.0,0.6609848484848484,0.3390151515151516,1,0.02,1.0,-1.927831733015075
G-864.json,50,1.5060608702427416,4.424351847663939,0.02634658986869527,0.07726552249743415,1.0,2.0,0.3829545454545455,0.6170454545454545,1,0.02,1.0,-2.267434762225416
G-865.json,50,0.16110750377860938,5.435849810959283,0.0006327479732087896,0.021300526404478486,2.0,5.0,0.6902043937708565,0.3097956062291435,2,0.04,0.8,0.6497123630451149
G-866.json,50,0.6039425582903277,1.590862882166391,0.003344470101839738,0.008770930282375992,5.0,5.0,0.6079784186401833,0.3920215813598167,1,0.02,1.0,3.7528144387962667
G-867.json,50,0.24540372864713333,3.824460423644851,0.0011873554715613006,0.018481658748126226,4.0,5.0,0.6499999999999999,0.3500000000000001,1,0.02,1.0,2.5122651312333595
G-877.json,50,0.11294178727145265,2.6225280633787804,0.000609786374049568,0.014104601201957234,3.0,5.0,0.7320075757575758,0.2679924242424242,1,0.02,1.0,1.2868309122478268
G-882.json,50,1.837728546918413,3.7446045485065724,0.01000569784294407,0.020412664646206148,1.46,5.0,0.5719395413667859,0.42806045863321407,1,0.02,1.0,0.32811336475278574
G-890.json,50,0.3945590098237375,1.3537388192326318,0.003922465680929037,0.013454138331509605,3.04,5.0,0.5736208236208237,0.42637917637917633,1,0.02,1.0,2.3860751977083723
G-897.json,50,0.4063900311399351,2.7489372918211927,0.0022092337407443657,0.014877660634472063,3.04,5.0,0.40649867374005305,0.5935013262599469,1,0.02,1.0,3.994742545034504
G-907.json,50,0.09632039101100531,2.225262458143874,0.00033823980785590766,0.007809204154817414,5.0,5.0,0.7506631299734747,0.24933687002652527,2,0.04,0.76,2.8503880548130685
G-918.json,50,0.5542334274415737,2.886833795744593,0.002446326434726263,0.012697191290804561,2.0,5.0,0.792414107631499,0.207585892368501,1,0.02,1.0,-0.12072870619962162
G-919.json,50,1.1516389588075313,3.8153550624003145,0.008987269650211488,0.029862261438033007,2.0,5.0,0.7799908424908425,0.2200091575091575,1,0.02,1.0,-1.3709493070005296
G-924.json,50,0.6812779186364111,3.2202100658140296,0.004226792082262775,0.019784040878329568,2.0,5.0,0.7458397832817337,0.2541602167182663,1,0.02,1.0,-0.1711922098408461
G-928.json,50,3.0061270138980873,6.000030470086152,0.027009475645024414,0.05379988287240846,1.0,4.0,0.8159090909090909,0.18409090909090908,1,0.02,1.0,-5.2723113444956615
G-929.json,50,1.321002051573629,5.879392660482722,0.006100701156762643,0.027049164276278178,2.0,5.0,0.7857142857142857,0.2142857142857143,1,0.02,1.0,-1.0034929726097401
G-931.json,50,0.47653313097362116,2.0080813785103544,0.002841781817489125,0.012004467252624818,3.0,5.0,0.8345588235294117,0.1654411764705883,1,0.02,1.0,0.21961516515034418
G-939.json,50,0.26131032277022115,2.1795936333711836,0.002376426783391158,0.01995830391919018,2.0,5.0,0.6656162464985994,0.3343837535014006,1,0.02,1.0,0.7310629302564752
G-940.json,50,0.06007966183000235,1.8596441502945282,0.0003238762360775728,0.009947537898722325,4.56,5.0,0.7886727688787185,0.2113272311212815,2,0.04,0.68,2.1129051580888065
G-946.json,50,1.3052529137983555,3.026454150344051,0.009542410196184774,0.022123413883851584,2.0,5.0,0.7120098039215687,0.28799019607843135,1,0.02,1.0,-0.5331080870492713
G-947.json,50,1.3322772357086876,2.6786377356256565,0.010714262385855038,0.021538106308849045,1.12,5.0,0.5705774853801169,0.42942251461988307,1,0.02,1.0,-0.027067712794330623
G-956.json,50,4.331143640177913,6.124648506489237,0.021977149117629373,0.031015147601592116,1.0,5.0,0.8398268398268398,0.1601731601731602,1,0.02,1.0,-4.0711322883856695
G-958.json,50,2.556844895395024,4.163535970783471,0.02805741464120963,0.04563662494188334,1.0,5.0,0.5340909090909091,0.46590909090909094,1,0.02,1.0,-2.5790476070556236
G-968.json,50,0.53909692109643,2.005959563723536,0.0026912122174791446,0.010011303986119564,4.34,5.0,0.6868064182194618,0.31319358178053824,1,0.02,1.0,2.5967604762112546
G-973.json,50,1.9898504954654896,3.010141369395413,0.01297443772472931,0.019639419318148874,1.0,5.0,0.39107162764771464,0.6089283723522854,1,0.02,1.0,1.303324154086593
G-976.json,50,0.20080855489932503,3.809020221199816,0.0008664112916567715,0.016472567576444896,2.0,5.0,0.854855072463768,0.14514492753623198,1,0.02,1.0,-0.6477132825011058
G-985.json,50,0.4290733787403269,2.9382881808235055,0.0026671816133758755,0.018233572486926444,3.0,5.0,0.8666666666666667,0.1333333333333333,1,0.02,1.0,-0.2839789934605135
G-994.json,50,4.116566997066883,6.6846053370666,0.04362605727689928,0.07083561696166168,1.0,2.0,0.725,0.275,1,0.02,1.0,-6.906896655262864
G-995.json,50,0.8803557288356672,1.986454708852122,0.0035707147833714016,0.008033279720579694,5.0,5.0,0.8606410256410256,0.13935897435897437,1,0.02,1.0,1.520936110183743
G-996.json,50,1.2547520947782118,3.5497997839238735,0.007977343824484071,0.022520016337789724,3.0,5.0,0.5518224036025894,0.4481775963974106,1,0.02,1.0,1.7668517454381196
G-1000.json,50,2.5101018493745073,7.90410284748792,0.016554771379881348,0.05213464060207286,1.0,4.0,0.8901098901098902,0.10989010989010983,1,0.02,1.0,-4.7406122886260285
G-1010.json,50,0.2637147858299471,1.006822925012841,0.0011912032905831618,0.0045311610862657885,5.0,5.0,0.651902356902357,0.348097643097643,2,0.04,0.72,3.7579326561608344
G-1022.json,50,5.412167709836723,6.823926635198362,0.02878949897142764,0.036349006479704044,1.0,5.0,0.5732675438596491,0.42673245614035094,1,0.02,1.0,-2.649215069366093
G-1025.json,50,0.9268518398007615,3.4137385510566105,0.004903171759482289,0.018124120204777328,2.12,5.0,0.8578216374269005,0.14217836257309946,1,0.02,1.0,-1.0838430568556778
G-1029.json,50,0.9036367016821174,2.950569086313209,0.006437324123461716,0.021033683656749017,2.46,5.0,0.7952380952380952,0.2047619047619048,1,0.02,1.0,-0.5584027224042917
G-1034.json,50,0.5902210003914519,2.525229149746977,0.0025799785726326355,0.010968830217636321,3.1,5.0,0.6853864247311827,0.3146135752688173,1,0.02,1.0,1.6803150331464967
G-1039.json,50,1.375906152746964,3.5192910775395205,0.007141928836081663,0.018229529891382948,2.0,5.0,0.7717209690893901,0.22827903091060986,1,0.02,1.0,-0.6543251832223198
G-1040.json,50,4.0268009374959775,4.8272492246477725,0.022661959168332114,0.027166951261583562,1.0,5.0,0.6975103199174406,0.3024896800825594,1,0.02,1.0,-2.7382763585301535
G-1043.json,50,0.7877983375030055,2.2668581086377486,0.004650695145603493,0.013361387433704913,4.0,5.0,0.7726284584980238,0.22737154150197625,1,0.02,1.0,1.2504561206624754
G-1052.json,50,0.9036370009095549,2.4216166895345026,0.006162070056076228,0.016470636666146735,2.96,5.0,0.6756535947712418,0.32434640522875824,1,0.02,1.0,1.0685749580741641
G-1059.json,50,0.15731595655837793,3.92298925307999,0.0009216410200245206,0.023070991964661065,2.6,5.0,0.780827067669173,0.21917293233082702,1,0.02,1.0,0.18660612477568128
G-1080.json,50,0.4141345385565529,1.9721156108832787,0.0017735029919281006,0.008452775882541914,4.94,5.0,0.6269230769230769,0.3730769230769231,1,0.02,1.0,3.7225733223655526
G-1083.json,50,1.3604103348782246,2.8543015452183695,0.014649652226954447,0.030740200927584366,1.0,5.0,0.6492673992673993,0.3507326007326007,1,0.02,1.0,-1.5861928919111392
G-1086.json,50,1.1040243787969217,2.7109099554326264,0.00743666674431976,0.018260328671143577,2.8,5.0,0.7424019607843138,0.25759803921568625,1,0.02,1.0,0.15568215825676257
G-1087.json,50,2.4115516722828545,5.508407652762145,0.010293078866200352,0.023379989622480408,1.34,5.0,0.8726943346508564,0.12730566534914356,1,0.02,1.0,-2.565129898085504
G-1090.json,50,1.3691886593577465,4.487411997388165,0.006263981256794027,0.020565945570369518,2.0,5.0,0.7613871635610766,0.2386128364389234,1,0.02,1.0,-0.5578113244514732
G-1093.json,50,0.09850623787701807,1.8515447615442042,0.0005697890210821034,0.010695469544399596,4.0,5.0,0.7309542796384902,0.26904572036150975,1,0.02,1.0,2.160166610666431
G-1098.json,50,0.30121195336828066,1.2566506342265598,0.0012491217406015256,0.005233588033616467,5.0,5.0,0.8022934472934473,0.19770655270655269,1,0.02,1.0,2.394056969098398
G-1099.json,50,0.501489890930884,1.6140875748579049,0.004168995122971456,0.01346139373646648,3.7,5.0,0.593482905982906,0.406517094017094,1,0.02,1.0,2.6648718425465727
G-1103.json,50,0.3071081202593007,1.54616527091855,0.0018381228807069299,0.009254319468602477,4.44,5.0,0.3540559440559441,0.6459440559440559,2,0.04,0.96,5.734847892196052
G-1104.json,50,1.832256056760869,6.132950756844835,0.012337772271970478,0.04130889848486988,1.0,5.0,0.8208333333333333,0.1791666666666667,1,0.02,1.0,-3.25990583597117
G-1107.json,50,0.7028290444651617,3.1133946773605174,0.0035763578451385603,0.015857719189774022,3.0,5.0,0.8259398496240602,0.1740601503759398,1,0.02,1.0,0.06948075279355792
G-1110.json,50,0.6970718143855947,2.174828703335592,0.0035757587451500424,0.011220848988452787,3.28,5.0,0.7059531772575252,0.29404682274247484,1,0.02,1.0,1.5128474384678523
G-1116.json,50,2.9299010567321417,4.66202537114232,0.022632640730929403,0.03608309060831985,1.0,5.0,0.45459850606909435,0.5454014939309056,1,0.02,1.0,-0.9266868229614245
G-1125.json,50,1.2363494448733405,5.7144646322038,0.011310235818059792,0.05226438420324658,1.0,4.0,0.6607142857142857,0.3392857142857143,1,0.02,1.0,-2.151559209470398
G-1127.json,50,5.243950355742953,5.925031604099146,0.035467490741839414,0.04009434605975439,1.0,5.0,0.7625,0.23750000000000004,1,0.02,1.0,-5.185287167556066
G-1130.json,50,2.1281980089356125,3.993998815037628,0.015486996088243356,0.029011260300091286,1.0,5.0,0.7189338235294118,0.2810661764705882,1,0.02,1.0,-2.2265961469684603
G-1133.json,50,1.6910755625804228,3.8209448146589864,0.010937041485887478,0.024704265763078076,1.0,5.0,0.6698412698412698,0.3301587301587302,1,0.02,1.0,-1.1380171116355486
G-1134.json,50,4.21697142413025,7.370318282133795,0.021440693813772713,0.03736225139496971,1.0,5.0,0.7096790271132377,0.2903209728867623,1,0.02,1.0,-3.104550834766143
G-1138.json,50,0.12723044033019448,3.422757340138048,0.0007444538643391182,0.01993276144769885,2.0,5.0,0.6618061698363555,0.33819383016364446,2,0.04,0.52,0.9413024336694293
G-1140.json,50,0.5335025266076983,4.7461402459652575,0.004346105321855676,0.038457627785616386,2.0,5.0,0.844551282051282,0.15544871794871795,1,0.02,1.0,-1.7717586241449719
G-1149.json,50,0.2735298261834771,4.31933504120795,0.001566847125044526,0.024695886340974388,2.46,5.0,0.7778508771929824,0.2221491228070176,1,0.02,1.0,-0.020717260907950452
G-1161.json,50,0.16787416739808236,2.9898163691980386,0.0008492414014468438,0.015216878109878339,3.0,5.0,0.5519565217391305,0.44804347826086954,2,0.04,0.78,2.81176177378142
G-1169.json,50,0.6365334029089382,2.287851502179734,0.00289574981663949,0.010397272998585297,4.34,5.0,0.5065772669220945,0.4934227330779055,1,0.02,1.0,4.154804199530995
G-1180.json,50,1.2919659761718378,2.5729447718806995,0.007606935866466889,0.015104775866602773,2.98,5.0,0.4709523809523809,0.5290476190476191,1,0.02,1.0,2.7913400156851034
G-1182.json,50,0.23694429293026076,4.345303299621406,0.0013567886892986755,0.024870386350578394,2.0,5.0,0.5904344193817878,0.40956558061821224,1,0.02,1.0,1.318126184806831
G-1186.json,50,1.7068691259145794,3.5748296118853418,0.013106992219691674,0.02744463908961902,1.0,5.0,0.6235294117647059,0.3764705882352941,1,0.02,1.0,-1.0664486431217166
G-1195.json,50,0.1484680081007923,0.7838121787055172,0.0008926868615806256,0.004710429109136528,5.0,5.0,0.6372963659147869,0.3627036340852131,1,0.02,1.0,3.912431777270457
G-1196.json,50,0.46555878486233837,1.778223020185436,0.002620657944932958,0.00996683661990088,4.6,5.0,0.7796267629858961,0.22037323701410394,1,0.02,1.0,1.9743256453288824
G-1197.json,50,0.10038467439177623,0.6103543921175998,0.00046937839413407396,0.0028665500096994086,5.0,5.0,0.6063654299224015,0.3936345700775985,1,0.02,1.0,4.30219479512658
G-1204.json,50,0.3012125331214861,1.2048490851898777,0.0015309953842351353,0.006123976213770739,5.0,5.0,0.7103655603655604,0.2896344396344396,1,0.02,1.0,3.1431293539350738
G-1205.json,50,0.3763803908679648,2.2816175768557088,0.0019291825486716318,0.011665692918228138,4.0,5.0,0.6470555124223603,0.35294448757763974,1,0.02,1.0,2.7192308031405434
G-1206.json,50,1.103871148396422,4.327592736402565,0.007691333169715512,0.03014410638815596,2.98,5.0,0.818389724310777,0.18161027568922306,1,0.02,1.0,-0.8673829062130061
G-1209.json,50,0.6033917636271227,3.20111581540435,0.0051859515934488875,0.0274876749776054,2.0,5.0,0.6465544871794872,0.35344551282051284,1,0.02,1.0,0.3095267142378504
G-1220.json,50,0.22121827499920244,2.0548054612547446,0.0012188391056069583,0.011393105765785748,3.34,5.0,0.6740196078431372,0.3259803921568628,1,0.02,1.0,2.086119830862722
G-1221.json,50,1.3952344131673868,3.420198086738722,0.007907000707517826,0.01933719562469649,2.0,5.0,0.635030591183842,0.364969408816158,1,0.02,1.0,0.4305533415424766
G-1226.json,50,3.095522509121018,3.7149510841781392,0.023615289805117217,0.028438774392453604,1.0,5.0,0.7220588235294118,0.27794117647058825,1,0.02,1.0,-3.106695157108575
G-1232.json,50,1.5871905215046382,3.948532941535831,0.008118614578986825,0.020151649040299303,1.96,5.0,0.6258355614973262,0.3741644385026738,1,0.02,1.0,0.42883023342243554
G-1236.json,50,1.204848935576166,4.31737495351129,0.008077766357723427,0.028945326773662343,2.0,5.0,0.7677696078431372,0.2322303921568628,1,0.02,1.0,-1.1299005565365428
G-1242.json,50,0.33416740508135945,0.9276604819483083,0.0021329289834101845,0.005897384023772217,5.0,5.0,0.571969696969697,0.428030303030303,1,0.02,1.0,4.311682510501221
G-1247.json,50,0.15575769354089175,2.2675949588168436,0.0007653480187505434,0.011123423691280485,3.54,5.0,0.7690476190476191,0.2309523809523809,2,0.04,0.78,1.450197004045763
G-1266.json,50,0.8032327234599208,2.9934042751517964,0.006395849055629951,0.023876491749317847,2.0,5.0,0.7511561355311356,0.24884386446886442,1,0.02,1.0,-0.608090703890908
G-1280.json,50,1.6735655996151877,5.12060767697119,0.007897152540984873,0.024159834655740453,2.0,5.0,0.8665413533834586,0.1334586466165414,1,0.02,1.0,-1.8014392487818416
G-1285.json,50,0.6000341036408088,2.522714090704966,0.0052287302153768275,0.02192248248606358,2.0,5.0,0.4864583333333333,0.5135416666666667,1,0.02,1.0,1.934447021329882
G-1287.json,50,0.7107172350093549,1.8072734033642348,0.004235797691688919,0.010759322247753705,3.04,5.0,0.6078703703703703,0.3921296296296297,1,0.02,1.0,2.1523793272495046
G-1292.json,50,2.9776950014204004,6.463272798925544,0.01529113190977915,0.03308719165384774,1.0,5.0,0.7965747702589808,0.20342522974101918,1,0.02,1.0,-3.0484576609785132
G-1300.json,50,0.6503653238588782,4.973279413102446,0.004444462017299668,0.03398680335271385,3.0,5.0,0.8557692307692307,0.14423076923076927,1,0.02,1.0,-0.9812817326631955
G-1301.json,50,0.5213137766253624,2.0123022543106543,0.0032696261968777423,0.012621065908977495,4.08,5.0,0.6090909090909091,0.3909090909090909,1,0.02,1.0,2.932785215704747
G-1308.json,50,1.0224040949364053,3.398472807632899,0.006938607718616981,0.023022546083872285,2.0,5.0,0.6975103199174406,0.3024896800825594,1,0.02,1.0,-0.15911098718997418
G-1309.json,50,0.602424467788083,2.1019921872182294,0.0031716096808514062,0.011113794739912424,4.2,5.0,0.8473684210526315,0.15263157894736845,1,0.02,1.0,0.9800330168767251
G-1310.json,50,2.6105061268241556,5.66179141241102,0.02770132117631636,0.06009030770721732,1.0,4.0,0.6295454545454544,0.3704545454545456,1,0.02,1.0,-3.938246158116671
G-1312.json,50,0.8034540166374171,2.8156904706509494,0.005005866258399078,0.017463781200982072,2.0,5.0,0.7360853113175094,0.2639146886824906,1,0.02,1.0,-0.07993162275767404
G-1316.json,50,1.780657787806284,5.522224188314887,0.016346137913337704,0.050846734145233094,1.0,4.04,0.7575757575757576,0.24242424242424243,1,0.02,1.0,-3.4961425259136187
G-1323.json,50,0.2773994910004376,1.720926003281761,0.0017174677116704004,0.010604996686795307,4.0,5.0,0.6409610983981693,0.3590389016018307,1,0.02,1.0,2.8365037889263522
G-1327.json,50,3.714950784950659,6.528509610327831,0.025210176088311685,0.04420762563245936,1.0,5.0,0.6418269230769231,0.35817307692307687,1,0.02,1.0,-3.1714500183035166
G-1330.json,50,1.3250327956459813,4.579819187230726,0.007765726042900619,0.02683808593780837,2.0,5.0,0.7650122549019608,0.2349877450980392,1,0.02,1.0,-0.9913348732789924
G-1335.json,50,0.708167135166704,1.2048488607692889,0.0033795876476127337,0.005743962960829209,5.0,5.0,0.844642857142857,0.15535714285714297,1,0.02,1.0,1.7706248213966604
G-1338.json,50,0.3012122338940486,5.580076193351275,0.0012552670975956033,0.023261241868144763,2.0,5.0,0.8448138998682477,0.15518610013175227,1,0.02,1.0,-0.8603530223523275
G-1342.json,50,1.60646514769239,5.272315319705434,0.015305922560462041,0.0501798893813223,1.0,4.42,0.7326007326007327,0.26739926739926734,1,0.02,1.0,-3.137743648576888
G-1349.json,50,0.6284003188447684,5.740041238392919,0.002922391487267538,0.02658986694321762,2.0,5.0,0.7004629629629628,0.29953703703703716,1,0.02,1.0,0.11032957592728702
G-1351.json,50,0.49491391708200183,1.923369289503924,0.0036484227984154276,0.014242774466593382,2.0,5.0,0.48214285714285715,0.5178571428571428,1,0.02,1.0,2.436369230400244
G-1354.json,50,1.3560563363395914,4.095302182498045,0.006920167226194882,0.020908614233454175,2.78,5.0,0.7468671679197996,0.25313283208020043,1,0.02,1.0,0.0558473728159975
G-1355.json,50,3.4004077258859127,4.202308405400899,0.01962607781689133,0.024261920233994594,1.0,5.0,0.802924430641822,0.19707556935817805,1,0.02,1.0,-3.2333833434325947
G-1370.json,50,0.3955513292906687,2.214865758218295,0.0017323577848240039,0.009635985111750227,4.92,5.0,0.5927742384917023,0.4072257615082977,2,0.04,0.88,3.969331388464326
G-1372.json,50,1.1044447329333735,5.321415708222432,0.005194584324656047,0.025028452577697653,3.0,5.0,0.687302371541502,0.312697628458498,1,0.02,1.0,0.7714082605484085
G-1375.json,50,1.4320142930033057,3.4665661696256507,0.00553651416528602,0.01347191122856586,3.2,5.0,0.8165942028985507,0.18340579710144933,1,0.02,1.0,0.17844739398364629
G-1379.json,50,0.9357519495924578,4.116566697839431,0.004576991141034903,0.020196633437996974,2.0,5.0,0.7791125541125541,0.2208874458874459,1,0.02,1.0,-0.519067375676811
G-1385.json,50,0.7028284460102583,4.518183209183121,0.003463964177084136,0.0222683428238541,2.0,5.0,0.8620509607351712,0.13794903926482882,1,0.02,1.0,-1.2124871315302803
G-1393.json,50,0.9036370009095549,2.901476894276115,0.004174954545530999,0.013408025732355576,3.0,5.0,0.8579545454545454,0.14204545454545459,1,0.02,1.0,-0.184500565881214
G-1396.json,50,1.9076773815864385,3.3126981628364547,0.006950800725593679,0.012072443996709842,2.08,5.0,0.7928476695718074,0.2071523304281926,1,0.02,1.0,-0.5268607560184928
G-1399.json,50,0.12496763684245593,3.3123530017156497,0.0005405387509840046,0.014391036585048715,4.0,5.0,0.8134469696969697,0.18655303030303028,1,0.02,1.0,1.291999508501847
G-1402.json,50,5.020203698749015,6.380238169400016,0.030783803797870303,0.03914086261969505,1.0,5.0,0.8252063983488133,0.17479360165118674,1,0.02,1.0,-5.199877574634625
G-1409.json,50,0.7204210763528351,2.493748079585899,0.00319977104703125,0.010978020922288986,4.06,5.0,0.8669808452417148,0.13301915475828519,1,0.02,1.0,0.7065468286710803
G-1412.json,50,1.494478316083942,4.116567595521808,0.012516541691559944,0.03448721574738344,1.0,5.0,0.7492647058823529,0.25073529411764706,1,0.02,1.0,-2.384914458690747
G-1426.json,50,1.3052529137983555,3.005382745009925,0.007174297871145282,0.016569816646646127,2.0,5.0,0.5245726495726496,0.4754273504273504,1,0.02,1.0,1.5926378614125047
G-1429.json,50,2.0476932441505227,4.559204815884257,0.01257055477899454,0.02799370985887452,1.0,5.0,0.711969317232475,0.28803068276752497,1,0.02,1.0,-1.8123323344523943
G-1436.json,50,2.5255034893848034,4.049937390128605,0.0119082571106745,0.018957592565533612,1.1,5.0,0.6398809523809524,0.36011904761904756,1,0.02,1.0,-0.6846374895211038
G-1437.json,50,2.167807365608894,3.4322165845298684,0.007596680266761186,0.012026898441853423,2.22,5.0,0.4722222222222222,0.5277777777777778,1,0.02,1.0,2.3446543490071585
G-1442.json,50,2.332398175344025,4.239441975402698,0.012836274744518174,0.023336216571063564,1.0,5.0,0.792264822595705,0.20773517740429503,1,0.02,1.0,-2.37328589955601
G-1449.json,50,0.24877415760532529,1.5383343457216228,0.0013025413088585927,0.008051341752989384,5.0,5.0,0.6835591944287596,0.31644080557124044,1,0.02,1.0,3.33118659968991
G-1460.json,50,0.2008079564444074,1.6058705251705732,0.0010468633826587123,0.008407636900470448,5.0,5.0,0.597772961026818,0.402227038973182,1,0.02,1.0,4.104164945178661
G-1466.json,50,1.825254815226046,4.039526459027172,0.010617201129975566,0.023432885698304325,1.12,5.0,0.7825980392156863,0.21740196078431373,1,0.02,1.0,-1.9652251589311285
G-1470.json,50,1.30525313821893,4.163172529380219,0.0067229057561145585,0.021446118340244315,2.0,5.0,0.6720670995670995,0.32793290043290046,1,0.02,1.0,0.14953074006140607
G-1471.json,50,1.832834631882676,6.93343178474386,0.01341845711242905,0.050701308462521855,1.0,3.76,0.6973443223443223,0.3026556776556777,1,0.02,1.0,-2.642680587300225
G-1473.json,50,0.2790755443427031,2.510102111198549,0.001482771347431403,0.013282051153798453,3.0,5.0,0.556733483907397,0.44326651609260304,1,0.02,1.0,2.7753501436008428
G-1476.json,50,1.3691886593577323,6.325456612547356,0.007235091832929327,0.03341537999397003,2.0,5.0,0.8216991341991343,0.17830086580086568,1,0.02,1.0,-1.6874437789126784
G-1478.json,50,1.2048492348036035,5.263958056891781,0.005624584019555456,0.024594083912463476,2.0,5.0,0.8453947368421053,0.1546052631578947,1,0.02,1.0,-1.3864717312771078
G-1481.json,50,0.6073341329612134,1.416147359272614,0.003283836713644616,0.0076226435470706025,5.0,5.0,0.37693325193325194,0.623066748066748,1,0.02,1.0,5.847726454551963
G-1491.json,50,1.5060611694702004,2.8651546184395897,0.005593070862164557,0.010672939948489533,4.2,5.0,0.9166666666666667,0.08333333333333326,1,0.02,1.0,0.12321879298111704
G-1493.json,50,0.7496292251553882,3.15180979038837,0.003817972769758601,0.016056590965526592,3.98,5.0,0.6545619235836627,0.3454380764163373,1,0.02,1.0,2.2670989099869354
G-1494.json,50,1.075933807673195,2.3251736277052117,0.009553506635051327,0.020698800877127724,2.0,5.0,0.6922619047619047,0.30773809523809526,1,0.02,1.0,-0.3050660955341504
G-1496.json,50,0.153970202201279,1.5074826335493867,0.0006781113571524071,0.006611405880836734,5.0,5.0,0.8115800865800866,0.18841991341991338,2,0.04,0.98,2.3206030753517006
G-1498.json,50,0.0,2.0205667598152246,0.0,0.010455397081341893,4.0,5.0,0.8341991341991342,0.16580086580086584,2,0.04,0.76,1.3170490501945142
G-1506.json,50,1.305252913798327,3.4012064543908878,0.006768187419181887,0.017596378905356147,2.04,5.0,0.7879256965944272,0.21207430340557276,1,0.02,1.0,-0.7041243676136648
G-1508.json,50,1.544999722137831,5.152836220087437,0.008590390697150547,0.028711699430345308,3.0,5.0,0.8168128654970761,0.1831871345029239,1,0.02,1.0,-0.8807642280688879
G-1516.json,50,0.10363836797141346,1.9076770823589726,0.0013002649561571545,0.023895903845050782,3.0,5.0,0.7,0.30000000000000004,2,0.04,0.98,1.1212730854584223
G-1518.json,50,0.2053407713036961,3.712076120672691,0.0012302248706035444,0.022197271791517204,3.0,5.0,0.6811868686868687,0.31881313131313127,2,0.04,0.96,1.3602523035827698
G-1525.json,50,2.061703424358882,3.8704286740657494,0.012093515300252017,0.02259588248946523,1.0,5.0,0.597860962566845,0.40213903743315504,1,0.02,1.0,-0.544833922503329
G-1529.json,50,2.3822541953112477,4.804602560456573,0.014886905347911874,0.030076860504657188,1.0,5.0,0.8375,0.16249999999999998,1,0.02,1.0,-3.251970597804609
G-1531.json,50,0.36567897829152685,1.939869920033388,0.0023614342720030246,0.012579694869837395,4.1,5.0,0.6718266253869969,0.3281733746130031,1,0.02,1.0,2.491511582957504
G-1537.json,50,2.81131378404109,3.4137389250909393,0.028399835553777,0.034485522265946214,1.0,5.0,0.7045454545454545,0.2954545454545455,1,0.02,1.0,-3.697672079286744
G-1543.json,50,1.0668339335970671,1.9076773815864243,0.007208795387946328,0.01294949364279186,3.0,5.0,0.5893770885547202,0.41062291144527985,1,0.02,1.0,1.883277499112637
G-1546.json,50,0.7034237045504597,2.3080926458485465,0.004018940612670482,0.013186590026597493,3.0,5.0,0.6638888888888889,0.33611111111111114,1,0.02,1.0,1.5579961030188128
G-1547.json,50,1.2099068680683018,4.58929131171918,0.005185328322793269,0.019750607037315203,2.0,5.0,0.612943528235882,0.38705647176411795,1,0.02,1.0,0.902948882731673
G-1554.json,50,1.003848127578948,2.3494651938076885,0.005909654579481206,0.013868999917940824,4.0,5.0,0.73269042170644,0.26730957829355995,1,0.02,1.0,1.4490195057039401
G-1557.json,50,3.6078912997413823,4.329188781725634,0.01620125617950718,0.019422823582421693,1.0,5.0,0.7915417915417915,0.2084582084582085,1,0.02,1.0,-2.57916673403858
G-1560.json,50,2.7064308126184358,3.341656100278442,0.01575464639603713,0.019473289777126424,1.0,5.0,0.5802232812165347,0.41977671878346534,1,0.02,1.0,-0.6631446322160364
G-1561.json,50,4.0161630188446935,5.101739191037915,0.031452567867093564,0.039968406111077076,1.0,5.0,0.587396978021978,0.412603021978022,1,0.02,1.0,-3.1991444774009423
G-1563.json,50,1.7632259769513894,3.0121221893266608,0.012331544242806771,0.02098321358855977,1.02,5.0,0.788888888888889,0.21111111111111103,1,0.02,1.0,-2.1845326547789785
G-1568.json,50,2.894953797216658,5.526680745373639,0.01878209058885791,0.03584220918366922,1.0,5.0,0.5086305918248306,0.4913694081751694,1,0.02,1.0,-0.9813956197038347
G-1573.json,50,1.39750069357774,3.5141425292788284,0.008246609214224317,0.02073166656047294,2.0,5.0,0.7897556390977444,0.21024436090225562,1,0.02,1.0,-1.0284437576583025
G-1574.json,50,0.5392546863609908,3.868543494922875,0.002639067575540349,0.01890530015123639,4.0,5.0,0.7850216450216451,0.21497835497835494,1,0.02,1.0,1.1451262097903925
G-1583.json,50,1.2160654553596117,6.0614391324392045,0.007199573068978067,0.035890469342997645,2.0,5.0,0.7489035087719298,0.2510964912280702,1,0.02,1.0,-1.1341414071407165
G-1589.json,50,3.5087415854689255,5.315001240698209,0.02094029431533668,0.031764596317225696,1.0,5.0,0.7602554179566563,0.2397445820433437,1,0.02,1.0,-3.284155796190856
G-1594.json,50,1.793056534077877,3.4247376088894868,0.009443469821956159,0.01809848481654759,1.9,5.0,0.6536654135338347,0.34633458646616533,1,0.02,1.0,0.07483158134555046
G-1604.json,50,1.1082458846350534,3.280688087121007,0.005190510082486153,0.015259606511794671,3.1,5.0,0.7033492822966507,0.2966507177033493,1,0.02,1.0,1.0764360055247355
G-1605.json,50,1.7068694625454697,3.808013054005002,0.01085066961877056,0.02421257395534525,1.0,5.0,0.6844980097302079,0.3155019902697921,1,0.02,1.0,-1.239613597824222
G-1606.json,50,4.027045406610654,8.471294480530432,0.022275704808675276,0.04689675600888782,1.0,5.0,0.7899305555555556,0.21006944444444442,1,0.02,1.0,-4.2691897011431035
G-1607.json,50,3.1125258683213843,6.880575282987358,0.032318377599463176,0.07146958776988788,1.0,4.0,0.6837121212121212,0.3162878787878788,1,0.02,1.0,-5.349454381185573
G-1622.json,50,0.7597174744520601,2.2134162935286383,0.002915636724171539,0.008509437897382705,4.98,5.0,0.750935960591133,0.249064039408867,1,0.02,1.0,2.5293586368734693
G-1639.json,50,0.9110160735442889,3.5383796419169187,0.00522115294462144,0.020167730767236186,2.0,5.0,0.7742063492063492,0.22579365079365077,1,0.02,1.0,-0.543839086130677
G-1648.json,50,0.6024244303846444,5.3162350040606015,0.0036656361737108,0.032351707588738704,4.0,5.0,0.7325593395252837,0.26744066047471626,1,0.02,1.0,0.9846093519521267
G-1650.json,50,3.212930295384794,5.923840101203666,0.018278307225898897,0.033700628202994784,1.0,5.0,0.8462622549019608,0.15373774509803917,1,0.02,1.0,-3.8329193649160955
G-1652.json,50,0.3402071417233401,1.621445082308469,0.0015193344807463427,0.0071894578969561255,5.0,5.0,0.8250925925925926,0.1749074074074074,1,0.02,1.0,2.0884349986889825
G-1653.json,50,0.8489005100561542,2.428951477524649,0.005047272242131945,0.014568873114765676,3.92,5.0,0.7432017543859649,0.2567982456140351,1,0.02,1.0,1.3636566800911283
G-1657.json,50,0.4016165113436898,3.1197431510255242,0.003425061488208444,0.026605940356748077,3.12,5.0,0.5647243107769423,0.4352756892230577,1,0.02,1.0,2.0735984799793936
G-1671.json,50,1.2048493844173436,2.7808515894111423,0.007285001065381595,0.016820871793513208,3.0,5.0,0.6466955432058407,0.35330445679415934,1,0.02,1.0,1.2198033589686819
G-1683.json,50,2.9257167140032294,4.781576652381105,0.011708187959411774,0.01909552466350431,1.0,5.0,0.850764652014652,0.149235347985348,1,0.02,1.0,-2.607387788952444
G-1686.json,50,0.8032330226873796,2.6756926206102634,0.005074529121474771,0.016910338093591826,3.0,5.0,0.47326034949032664,0.5267396505096733,1,0.02,1.0,2.988847533324518
G-1692.json,50,1.907677680813876,4.2242078508333165,0.01567566188430443,0.034729945208529275,1.0,5.0,0.759090909090909,0.24090909090909096,1,0.02,1.0,-2.8209687504129084
G-1698.json,50,0.20819605059588753,2.610505827596704,0.0015907370238263394,0.01992348181261747,3.9,5.0,0.7696886446886447,0.23031135531135527,1,0.02,1.0,1.2816948823703709
G-1699.json,50,0.5147256953340928,2.8166674290944087,0.002713434833124046,0.014891488886473396,2.0,5.0,0.6890977443609023,0.3109022556390977,1,0.02,1.0,0.6808321974164887
G-1701.json,50,0.49364192069141666,1.3179380576487603,0.0020356338803673127,0.005421846204814382,5.0,5.0,0.38129682767415907,0.6187031723258409,1,0.02,1.0,6.027560160682659
G-1703.json,50,3.0855664918276346,5.979773391601441,0.013175195119416394,0.025522466929975847,1.0,5.0,0.7385983581635756,0.26140164183642445,1,0.02,1.0,-2.018483010144637
G-1708.json,50,3.0479448773713784,4.553844515351756,0.024675091099628496,0.03687142124204275,1.0,5.0,0.5232638888888889,0.47673611111111114,1,0.02,1.0,-1.7841473076575
G-1709.json,50,2.5101015501470414,10.789706146535352,0.01514150813446397,0.0651108551744494,1.0,4.0,0.8315563725490196,0.1684436274509804,1,0.02,1.0,-4.5667969859817275
G-1712.json,50,2.4317626642205425,4.799845064010995,0.013713279062123024,0.027108772447996095,1.0,5.0,0.6303359683794466,0.3696640316205534,1,0.02,1.0,-1.1790486778532698
G-1723.json,50,0.4016160999059366,1.9076770823589584,0.0018175783285687766,0.008633499811425048,5.0,5.0,0.7925824175824175,0.20741758241758246,1,0.02,1.0,2.2887950873547744
G-1726.json,50,0.7028285208171354,1.9858452822319634,0.005428194687221213,0.015403010510826258,2.2,5.0,0.7978479853479854,0.2021520146520146,1,0.02,1.0,-0.4471985644092225
G-1735.json,50,0.3907232421133955,1.696310017979613,0.0032292607395881454,0.0140007944099002,4.0,5.0,0.45336538461538456,0.5466346153846154,1,0.02,1.0,4.203989361829029
G-1738.json,50,0.0999379234877864,0.21866323740914595,0.0005491262396071961,0.0012185180817224904,5.0,5.0,0.780827067669173,0.21917293233082702,2,0.04,0.68,2.812879831373935
G-1740.json,50,0.2008079564444074,1.5060608702427487,0.0015576899602673595,0.011682683986569832,4.0,5.0,0.7952380952380952,0.2047619047619048,1,0.02,1.0,1.447306170007687
G-1751.json,50,2.0887980444559133,6.514597792250214,0.010004828776934836,0.031261056135501356,1.5,5.0,0.8530185394315828,0.1469814605684172,1,0.02,1.0,-2.5447730941835687
G-1754.json,50,0.5837742550039877,2.0572449024749346,0.002621812300400082,0.009190103262224993,5.0,5.0,0.7823809523809524,0.2176190476190476,1,0.02,1.0,2.2712660256630524
G-1762.json,50,0.10579588037958843,2.146111625404899,0.00039626177063971856,0.007993730207850477,5.0,5.0,0.8249074074074074,0.17509259259259258,2,0.04,0.9,2.1801172659276515
G-1763.json,50,2.0080817899480934,7.028285357785066,0.013577146090263174,0.04752000518324137,1.0,5.0,0.5284304511278195,0.4715695488721805,1,0.02,1.0,-1.0433850531453817
G-1764.json,50,0.5020200033212632,4.1775394212551475,0.001768420132523066,0.014719097842309768,4.0,5.0,0.8910919540229885,0.10890804597701154,1,0.02,1.0,0.4603070766140811
G-1774.json,50,1.8293856305939329,4.788271348845527,0.009555527876517058,0.025019846924978842,2.0,5.0,0.7846700083542189,0.21532999164578115,1,0.02,1.0,-1.288260612603803
G-1775.json,50,3.5040296706607705,8.732156966485348,0.022563206234726327,0.05610206860596112,1.0,3.0,0.859375,0.140625,1,0.02,1.0,-5.266713118940409
G-1780.json,50,0.1041746753062398,2.3092935937026766,0.0004003083762840553,0.008836090672765935,5.0,5.0,0.8250925925925926,0.1749074074074074,1,0.02,1.0,2.1458234418221647
G-1782.json,50,1.8960372468767872,5.83274142995765,0.008315473113752355,0.02556216524955237,2.78,5.0,0.827922077922078,0.17207792207792205,1,0.02,1.0,-0.9894761267082268
G-1789.json,50,1.0040409791317444,5.027059081536052,0.004219032323314322,0.02112127272636747,3.0,5.0,0.7215117310226006,0.2784882689773994,1,0.02,1.0,0.7230829270439159
G-1793.json,50,0.4943130195642311,1.0970106550911112,0.0022018637089586375,0.004914416307293966,5.0,5.0,0.6954106280193237,0.30458937198067626,1,0.02,1.0,3.2495634417649217
G-1794.json,50,0.7178053809669507,2.610505677982985,0.0049320087316831905,0.01793883699107934,2.0,5.0,0.5640415376676986,0.4359584623323014,1,0.02,1.0,1.4322203416382577
G-1811.json,50,1.4056571912479967,5.45360789320921,0.007019473039257377,0.027260474848015106,2.0,5.0,0.6006272401433691,0.3993727598566309,1,0.02,1.0,0.5273890840514682
G-1813.json,50,0.11694462226900271,1.545583777998175,0.0006997186184608557,0.009242619257598617,4.86,5.0,0.7919590643274854,0.20804093567251458,2,0.04,0.52,2.2891542220827295
G-1824.json,50,0.20080810605811905,2.805867157989411,0.0008725318313956233,0.012220596740758257,3.0,5.0,0.7329354553492484,0.2670645446507516,1,0.02,1.0,1.3224195669725967
G-1825.json,50,0.21203467716014757,2.4208785218676496,0.0011474596138680302,0.013050392635813843,4.0,5.0,0.6643939393939393,0.3356060606060607,1,0.02,1.0,2.59693108084338
G-1827.json,50,0.10040382860845654,1.004040679904307,0.0011785377001528824,0.011785405100126538,3.0,5.0,0.6837121212121212,0.3162878787878788,1,0.02,1.0,1.741715583049117
G-1829.json,50,0.3012125331214861,3.023177855694925,0.0020066766683020775,0.020187424882371408,4.0,5.0,0.671516106442577,0.328483893557423,1,0.02,1.0,2.168496368142664
G-1838.json,50,2.218491532381549,4.307375208354983,0.0125810647594718,0.02452160862220555,1.0,5.0,0.8640350877192982,0.13596491228070184,1,0.02,1.0,-3.0262536089335095
G-1840.json,50,1.405656892020545,4.414874247671165,0.011071202437097801,0.034717226116349365,1.0,5.0,0.7802197802197802,0.21978021978021978,1,0.02,1.0,-2.5121547823170776
G-1852.json,50,0.0034621997950665673,2.06150277299173,2.3084653522249688e-05,0.013691735657925664,2.0,5.0,0.6965385276917784,0.3034614723082216,2,0.04,0.9,0.9502757455762271
G-1864.json,50,1.8193417668222622,3.6814615185104174,0.007988573570737921,0.016204734315901602,2.0,5.0,0.6860119047619048,0.31398809523809523,1,0.02,1.0,0.09047127905758787
G-1868.json,50,2.1178730245598985,5.883095856867797,0.011411771577687631,0.03161131727563748,1.02,5.0,0.7856209150326797,0.21437908496732028,1,0.02,1.0,-2.4631967736002864
G-1880.json,50,0.0,0.9795295369005714,0.0,0.006866467725636895,5.0,5.0,0.7076797385620915,0.29232026143790846,2,0.04,0.96,3.3031817005205206
G-1888.json,50,1.4253894485365137,4.73664176014816,0.015115997704547635,0.05002189686889087,1.0,4.44,0.7367424242424243,0.2632575757575757,1,0.02,1.0,-3.147919613400424
G-1889.json,50,0.6274793429724639,2.6271766597512425,0.003505144662935628,0.014555667607203357,3.0,5.0,0.7166199813258636,0.2833800186741364,1,0.02,1.0,1.0942915693191695
G-1893.json,50,1.0601850611545416,5.427808585989155,0.006538387477652263,0.03347088602874841,2.0,5.0,0.8052083333333333,0.1947916666666667,1,0.02,1.0,-1.468700291953928
G-1898.json,50,1.4056568920205308,2.610506874892806,0.0077452105296266106,0.014383969124939873,2.0,5.0,0.47372306678202114,0.5262769332179789,1,0.02,1.0,2.064790449200371
G-1932.json,50,1.2770189320221448,2.2334566200078854,0.008619999030093597,0.015060369993751554,2.0,5.0,0.5520607585139319,0.4479392414860681,1,0.02,1.0,1.2516260569758775
G-1936.json,50,2.7297433479843534,4.938346566589722,0.03194358425536221,0.05778041872866062,1.0,2.1,0.5830808080808081,0.4169191919191919,1,0.02,1.0,-3.895070021564255
G-1938.json,50,0.6904384262788028,6.103066235764999,0.0032332379127045204,0.02856039305599482,3.0,5.0,0.8640350877192982,0.13596491228070184,1,0.02,1.0,-0.7165780723917261
G-1940.json,50,2.7111145109519157,6.225053083166387,0.011892815800450117,0.027318270477884765,1.0,5.0,0.8883399209486166,0.11166007905138342,1,0.02,1.0,-3.274259208854234
G-1946.json,50,0.552589412486924,3.714950784950659,0.003790945147665811,0.025461029906694407,3.0,5.0,0.6186813186813187,0.3813186813186813,1,0.02,1.0,1.5130617381893958
G-1947.json,50,1.803381246555773,5.061774074256448,0.006707079938894025,0.01900457852428369,3.0,5.0,0.8266666666666667,0.17333333333333334,1,0.02,1.0,-0.39408187244968174
G-1954.json,50,1.60646514769239,6.4258604411558125,0.012014262802207963,0.048057050089916106,1.0,5.0,0.8154761904761905,0.18452380952380953,1,0.02,1.0,-3.4358158922028874
G-1955.json,50,0.8032327234599279,1.7068694999489082,0.0038972839340227525,0.008281728178317033,5.0,5.0,0.8075710521362696,0.19242894786373044,1,0.02,1.0,1.945909351629732
G-1964.json,50,1.2930204404217989,3.204671317181777,0.006480513454029196,0.01607515061918136,4.0,5.0,0.7594108789760964,0.24058912102390362,1,0.02,1.0,1.0667856918435308
G-1967.json,50,3.4190705334266056,6.601680822895489,0.016430808870005087,0.03170804631328403,1.0,5.0,0.8259398496240602,0.1740601503759398,1,0.02,1.0,-3.378143934764459
G-1971.json,50,1.1350686983625167,4.687759252762973,0.006266810793897397,0.02587367459916335,2.0,5.0,0.8075765393876849,0.19242346061231508,1,0.02,1.0,-1.169853465466665
G-1973.json,50,2.8910485991199693,4.597317598019956,0.014016249680965447,0.022287916898341142,1.0,5.0,0.8088698439241917,0.1911301560758083,1,0.02,1.0,-2.607050652088754
G-1974.json,50,0.7835879771678691,2.203668586126284,0.004753048524297453,0.013253661531775603,2.0,5.0,0.5225802277432712,0.4774197722567288,1,0.02,1.0,1.9975585016364859
G-1978.json,50,0.4024107529601082,0.6023618473159189,0.001985609975515727,0.0029722770670958945,5.0,5.0,0.52625,0.47375,2,0.04,0.96,4.843976872812959
G-1980.json,50,1.799742895144405,2.199127098856053,0.010351566766821932,0.012621006511004614,1.32,5.0,0.664766081871345,0.335233918128655,1,0.02,1.0,-0.33456992662978635
G-1982.json,50,0.7028278475553407,5.3308450241678145,0.003200517856150942,0.024287620424899417,3.0,5.0,0.7154244306418219,0.28457556935817807,1,0.02,1.0,0.765396383794546
G-1983.json,50,2.8113137840410616,3.500798265678,0.0123621489443656,0.015354185439360355,1.0,5.0,0.7862318840579711,0.21376811594202894,1,0.02,1.0,-1.963592214780749
G-1986.json,50,0.30121208428032276,2.3803491327636834,0.0013427192675976784,0.010584798520528509,3.98,5.0,0.5512936381357434,0.4487063618642566,1,0.02,1.0,3.6564488173454928
G-1990.json,50,0.23964413002816798,2.210714614502706,0.0013101278324945485,0.012104092887707602,4.02,5.0,0.7852272727272728,0.21477272727272723,1,0.02,1.0,1.5609871307219512
G-1992.json,50,1.706869425142031,5.723032144759287,0.006029154665436796,0.02021539869878964,2.0,5.0,0.9166666666666666,0.08333333333333337,1,0.02,1.0,-1.8931777952266722
G-1994.json,50,1.4371202678615873,3.1788704656378,0.007899194094373767,0.017473414438817628,2.08,5.0,0.7222695218438252,0.2777304781561748,1,0.02,1.0,-0.21093129064775093
G-1998.json,50,1.0730024617375733,1.3086304100451827,0.0080479966787195,0.009775661539907441,4.94,5.0,0.6941606467148262,0.30583935328517375,1,0.02,1.0,2.4020685632565586
