epoch,theta_1,theta_2,train_mse_loss,validation_mse_loss
0,1.6236203565420875,3.3521429192297485,25.149907007802618,25.309594507564178
1,1.6736203565413088,3.402142919228368,24.741650432153484,24.894310577777382
2,1.7236098391100048,3.4521275072731,24.337200259222833,24.482949930220503
3,1.7735817082870815,3.5020862083902804,23.93662008622804,24.075577446904934
4,1.8235288254457556,3.5520084256588267,23.53997151952719,23.672255944341764
5,1.8734440259215968,3.6018834633708074,23.14731400011524,23.27304599497612
6,1.9233201356197318,3.6517005504104167,22.75870463850231,22.87800575832645
7,1.9731499874737264,3.7014488636698033,22.374198060150697,22.487190823030804
8,2.022926437632475,3.751117551323058,21.993846262516648,22.100654060867733
9,2.0726423812570367,3.800695755785169,21.617698484598872,21.718445493670988
10,2.1222907678166023,3.8501726361907336,21.245801089741974,21.34061217389895
11,2.171864615781465,3.8995373902374455,20.878197462282277,20.967198079454484
12,2.2213570266207707,3.9487792752515376,20.514927918459136,20.598244023182186
13,2.2707611980237377,3.9978876283462346,20.15602963185063,20.233787577301023
14,2.320070436274659,4.046851885559396,19.801536573430596,19.873863012864838
15,2.3692781677241217,4.0956615998726695,19.451479466188598,19.51850125418314
16,2.4183779493112194,4.14430645803121,19.105885754106456,19.167729847983825
17,2.467363478103863,4.192776296100009,18.764779585148638,18.821572946959023
18,2.5162285998363814,4.241061113709851,18.428181807798932,18.480051307208356
19,2.564967316435255,4.289151086962439,18.096109980565732,18.14318229898069
20,2.613573792534834,4.337036579980218,17.76857839378233,17.810979930017982
21,2.6620423609951516,4.384708155101425,17.4455981029488,17.483454880723198
22,2.7103675274432835,4.432156581734919,17.127176972797546,17.160614550308843
23,2.75854397386807,4.47937284390204,16.813319731215913,16.842463113033137
24,2.806566561305333,4.5263481465041675,16.50402803212563,16.529001583596997
25,2.8544303316569484,4.573073920364573,16.19930052639951,16.220227890755808
26,2.9021305086922875,4.619541826101688,15.89913293989013,15.91613695819435
27,2.9496624982845963,4.665743756897883,15.6035181576513,15.616720791720647
28,2.997021887937934,4.711671840233448,15.312446313450783,15.321968571852276
29,3.0442044456623387,4.757318438659633,15.02590488369925,15.031866750897217
30,3.0912061182560238,4.802676149687451,14.743878784955832,14.746399153667394
31,3.1380230290537225,4.8477378048705875,14.466350474212234,14.465547081006468
32,3.1846514751998476,4.892496468161252,14.193300051204623,14.189289415362225
33,3.23108792450402,4.936945433617317,13.924705362053816,13.917602727686704
34,3.277329011934852,4.981078222537694,13.660542103588273,13.650461385003078
35,3.3233715358057063,5.0248885801007575,13.400783927760347,13.387837658035625
36,3.369212453703601,5.068370471577792,13.145402545622538,13.129701828357385
37,3.4148488782095843,5.111518078190161,12.894367830386852,12.876022294567786
38,3.4602780724557984,5.154325792675107,12.647647919145697,12.626765677069482
39,3.5054974455612196,5.196788214621035,12.405209312886115,12.381896921068524
40,3.5505045479847133,5.238900145628878,12.16701697448086,12.141379397474998
41,3.5952970668306725,5.280656584351677,11.933034424388373,11.905175001431003
42,3.639872821139143,5.322052721460075,11.703223833839672,11.67324424824027
43,3.684229757189036,5.363083934576919,11.477546115332819,11.445546366517021
44,3.7283659438398207,5.403745783219778,11.255961010294975,11.222039388412345
45,3.7722795679339933,5.444034003785893,11.038427173807886,11.002680236812893
46,3.8159689297796873,5.4839445046099025,10.824902256325425,10.787424809440235
47,3.859432438730001,5.523473361120773,10.615342982340705,10.57622805980884
48,3.9026686088730185,5.56261681112057,10.4097052259864,10.369044075027327
49,3.94567605484408,5.601371250204192,10.207944083574596,10.165826150450723
50,3.988453487769627,5.639733227335904,10.010013943102292,9.966526861211806
51,4.030999711349898,5.6776994405954335,9.815868550765623,9.771098130676826
52,4.073313618085896,5.715266733103592,9.625461074540286,9.579491295885498
53,4.115394185654383,5.7524320891348255,9.43874416489749,9.391657170047372
54,4.157240473433132,5.789192630421755,9.255670012734535,9.207546102176439
55,4.198851619177366,5.825545612654667,9.076190404606775,9.027108033953711
56,4.240226835847113,5.861488422177052,8.900256775353531,8.850292553913356
57,4.281365408584204,5.897018572876585,8.727820258214855,8.677048949052194
58,4.322266691836739,5.932133703269522,8.558831732538765,8.50732625396525
59,4.362930106628112,5.966831573775136,8.393241869180052,8.341073297611398
60,4.403355137967024,6.001110064175778,8.231001173692299,8.178238747813552
61,4.443541332394413,6.034967171257131,8.072060027414038,8.01877115359719
62,4.483488295662788,6.068401006622466,7.916368726548774,7.86261898546955
63,4.523195690543102,6.1014097946740256,7.763877519336504,7.70973067373975
64,4.562663234754078,6.133991870754118,7.614536641411686,7.560054644977194
65,4.601890699008665,6.1661456794380625,7.468296349439727,7.41353935670265
66,4.640877905172215,6.197869772970822,7.3251069531205095,7.270133330402652
67,4.679624724526885,6.229162809838875,7.184918845643765,7.129785182954176
68,4.718131076136745,6.260023553468758,7.047682532677379,6.9924436565423855
69,4.756396925308103,6.290450871043598,6.913348659965444,6.858057647150211
70,4.794422282139598,6.3204437324289175,6.781868039608996,6.726576231694155
71,4.8322072001567316,6.350001209199053,6.653191675098078,6.597948693876549
72,4.869751775025569,6.3791224737555705,6.527270785159751,6.4721245488201875
73,4.907056143340534,6.4078067985292,6.40405682648256,6.349053566547096
74,4.944120481481323,6.436053555256962,6.283501515374024,6.228685794359115
75,4.980945004534162,6.463862214326333,6.16555684840381,6.110971578173944
76,5.017529965272781,6.4912323441785125,6.050175122081558,5.995861582866526
77,5.053875653194697,6.5181636107631,5.937308951614648,5.883306811661865
78,5.089982393608532,6.544655777036719,5.826911288787887,5.773258624621923
79,5.125850546768357,6.570708702498399,5.718935439003681,5.665668756265837
80,5.161480507051167,6.596322342754808,5.613335077518295,5.5604893323595554
81,5.196872702173872,6.621496749108719,5.510064264906793,5.457672885907973
82,5.232027592446291,6.646232068164355,5.409077461786559,5.35717237237989
83,5.266945670056915,6.670528541443618,5.310329542826743,5.258941184193453
84,5.301627458388324,6.694386505007426,5.213775810068597,5.162933164487384
85,5.336073511359366,6.717806389076769,5.119372005579456,5.069102620200975
86,5.370284412791376,6.74078871764834,5.027074323461128,4.9774043344838335
87,5.404260775795868,6.763334108099921,4.936839421231566,4.8877935784544535
88,5.438003242181343,6.785443270781019,4.848624430597027,4.800226122324956
89,5.471512481876971,6.807117008584508,4.762386967630383,4.714658245907796
90,5.504789192371103,6.8283562164953855,4.678085142369872,4.631046748518851
91,5.5378340981626835,6.849161881112977,4.595677567851322,4.5493489582900235
92,5.570647950223815,6.869535080143273,4.515123368585808,4.46952274090342
93,5.603231525471835,6.889476981858318,4.436382188493716,4.391526507758154
94,5.635585626249408,6.908988844519876,4.359414198305335,4.3153192235800235
95,5.667711079811274,6.928072015764854,4.284180102437406,4.240860413483548
96,5.699608737816394,6.946727931950245,4.210641145354365,4.168110169495236
97,5.73127947582436,6.964958117455597,4.138759117422588,4.097029156546492
98,5.762724192795042,6.982764183941264,4.068496360265458,4.027578617944108
99,5.79394381059055,7.0001478295609765,3.999815771626731,3.9597203803259746
100,5.824939273478687,7.017110838127446,3.9326808097494843,3.8934168581094237
101,5.855711547637153,7.033655078230022,3.8670554972776823,3.828631057439452
102,5.886261620657851,7.049782502303578,3.8029044246873127,3.765326579643946
103,5.9165905010507425,7.065495145648075,3.7401927532539823,3.7034676242030407
104,5.946699217746755,7.080795125398424,3.6788862175638664,3.6430189912397415
105,5.97658881959932,7.095684639444483,3.6189511275749586,3.583946083539025
106,6.006260374884218,7.110165965301222,3.5603543702356575,3.526214908102746
107,6.035714970797418,7.124241458929285,3.5030634106678433,3.4697920772478383
108,6.0649537129507145,7.137913553506319,3.44704629292181,3.414644809255499
109,6.093977724864983,7.151184758149658,3.392271640310545,3.3607409285792387
110,6.122788147460938,7.164057656591081,3.338708655331133,3.308048865619956
111,6.151386138547338,7.176534905804521,3.286327119181233,3.2565376560764205
112,6.179772872306611,7.18861923458777,3.2350973908788814,3.2061769398798576
113,6.207949538777922,7.200313442099314,3.1849904059941023,3.156936959721589
114,6.235917343337747,7.211620396351625,3.1359776750010786,3.10878855918298
115,6.263677506178051,7.222543032662303,3.088031281259924,3.0617031804772594
116,6.291231261782191,7.233084352064596,3.041123878637358,3.015652861813039
117,6.318579858398724,7.243247419678941,2.995228688775834,2.970610234389669
118,6.345724557513282,7.253035363047237,2.9503194980210017,2.92654851903486
119,6.37266663331875,7.262451370431677,2.90637065401754,2.8834415224952474
120,6.399407372183968,7.271498689080015,2.863357061983746,2.8412636333908643
121,6.425948072121221,7.280180623459256,2.8212541806754174,2.7999898178447244
122,6.452290042252788,7.288500533459777,2.780038018049844,2.7595956147989447
123,6.478434602276839,7.296461832571964,2.7396851266408793,2.7200571310290815
124,6.504383081932994,7.304067986037513,2.7001725986562857,2.6813510358685035
125,6.530136820467845,7.3113225089775415,2.6614780608086983,2.643454555654851
126,6.555697166100784,7.318228964499733,2.623579668891692,2.6063454679107525
127,6.581065475490462,7.324790961786736,2.586456102112584,2.5700020952711156
128,6.606243113202231,7.331012154168063,2.550086557193687,2.5344032991694174
129,6.6312314511769115,7.336896237177758,2.5144507422538234,2.499528473295502
130,6.656031868201239,7.3424469466000835,2.47952887048198,2.4653575368374714
131,6.680645749380351,7.347668056505503,2.4453016536149903,2.431870927520253
132,6.7050744856126565,7.352563377279203,2.4117502952311933,2.399049594453509
133,6.729319473067469,7.357136753644404,2.378856483871958,2.366874990801454
134,6.7533821126657365,7.361392062682679,2.3466023860029765,2.335329066287198
135,6.7772638095642295,7.365333211853478,2.314970638827162,2.3043942595441282
136,6.800965972643546,7.368964137015027,2.283944342960893,2.2740534903267418
137,6.824490014000266,7.372288800448738,2.2535070549852874,2.2442901515933062
138,6.8478373484436075,7.375311188889214,2.2236427798840466,2.2150881014725248
139,6.871009392996913,7.3780353115619235,2.194335963379286,2.186431655126278
140,6.8940075664043,7.380465198230511,2.165571484176604,2.1583055765203376
141,6.9168332886427875,7.382604897255743,2.1373346461304776,2.130695070114752
142,6.939487980440228,7.384458473667944,2.109611170340875,2.103585772485401
143,6.9619730627993315,7.3860300072548,2.0823871871917667,2.076963743887998
144,6.984289956528084,7.3873235906662815,2.055649228341999,2.0508154597755714
145,7.006440081776849,7.388343327538426,2.0293842186787483,2.0251278022801995
146,7.028424857582421,7.389093330637623,2.0035794682435215,1.9998880516695086
147,7.0502457014193,7.389577720026988,1.9782226641404108,1.9750838777881525
148,7.0719040287584285,7.389800621256348,1.9533018624360308,1.950703331494206
149,7.093401252633652,7.389766163577279,1.928805480060272,1.926734836100085
150,7.114738783216114,7.389478478184579,1.9047222867167177,1.9031671788272981
151,7.135918027396816,7.388941696485481,1.881041396811266,1.8799895022840063
152,7.156940388377538,7.388159948397829,1.8577522614071813,1.857191295974039
153,7.177807265270324,7.387137360678385,1.8348446602144861,1.8347623878456651
154,7.198520052705704,7.3858780552823475,1.812308693621287,1.8126929358880879
155,7.219080140449822,7.384386147755093,1.790134774774279,1.7909734197832676
156,7.239488913030641,7.3826657456570794,1.7683136217153765,1.7695946326203384
157,7.259747749373338,7.3807209470227795,1.7468362495810648,1.7485476726795315
158,7.279858022445057,7.378555838854432,1.72569396287073,1.7278239352921474
159,7.299821098909104,7.376174495651335,1.7048783477899172,1.7074151047827903
160,7.319638338788715,7.37358097797534,1.6843812646740992,1.6873131464996982
161,7.339311095140479,7.370779331053116,1.6641948404982445,1.6675102989386732
162,7.358840713737499,7.367773583415701,1.6443114614771128,1.6479990659657522
163,7.3782285327623605,7.364567745575798,1.6247237657609055,1.6287722091434211
164,7.397475882509967,7.361165808743183,1.6054246362305578,1.609822740164831
165,7.41658408510029,7.3575717435785535,1.5864071933966604,1.591143913400137
166,7.435554454201055,7.353789498986059,1.5676647884056707,1.5727292185587598
167,7.4543882947604105,7.349823000944726,1.5491909961567782,1.5545723734710255
168,7.473086902749566,7.3456761513789015,1.5309796085324832,1.536667316992342
169,7.491651564915419,7.341352827067796,1.5130246277456558,1.5190082020327487
170,7.510083558543153,7.336856878594157,1.4953202598055626,1.501589388714376
171,7.528384151228789,7.332192129332033,1.4778609081050502,1.4844054376590488
172,7.546554600661661,7.327362374473568,1.460641167130833,1.4674511034079978
173,7.564596154416783,7.322371380094674,1.4436558162985444,1.4507213279753484
174,7.58251004975704,7.317222882259438,1.4268998139139677,1.4342112345367986
175,7.600297513445175,7.311920586163009,1.410368291261616,1.4179161212546276
176,7.617959761565474,7.306468165312742,1.3940565468215973,1.401831455239942
177,7.635497999355104,7.300869260747264,1.3779600406154635,1.3859528666528114
178,7.652913421045006,7.295127480293152,1.3620743886815285,1.3702761429407182
179,7.6702072097102425,7.289246397858822,1.34639535767994,1.3547972232155383
180,7.687380537129735,7.283229552765239,1.3309188596275718,1.3395121927690354
181,7.704434563655252,7.277080449113001,1.3156409467626247,1.3244172777266703
182,7.721370438089562,7.2708025551853135,1.3005578065386416,1.3095088398393298
183,7.738189297573617,7.264399302886384,1.2856657567474636,1.29478337141239
184,7.754892267482653,7.257874087214679,1.2709612407704953,1.2802374903713711
185,7.77148046133108,7.251230265770523,1.256440822957496,1.2658679354632716
186,7.78795498068602,7.244471158297448,1.2421011841319596,1.25167156159251
187,7.804316915089356,7.237600046256711,1.2279391172220142,1.2376453352902799
188,7.820567341988151,7.230620172434379,1.2139515230156532,1.2237863303159682
189,7.836707326673291,7.223534740580337,1.200135406038969,1.2100917233891755
190,7.85273792222619,7.216346915078593,1.1864878705559732,1.1965587900507573
191,7.868660169473415,7.209059820648212,1.1730061166884684,1.1831849006511994
192,7.884475096949058,7.2016765420742335,1.1596874366543504,1.1699675164645382
193,7.900183720864701,7.194200123967869,1.1465292111226268,1.1569041859259563
194,7.915787045086812,7.186633570555318,1.1335289056833635,1.1439925409910843
195,7.93128606112139,7.178979845494497,1.120684067430697,1.1312302936149876
196,7.946681748105706,7.17124187171898,1.1079923216569785,1.1186152323487273
197,7.961975072806963,7.163422531308463,1.0954513686560727,1.1061452190513394
198,7.9771669896276896,7.155524665385025,1.0830589806337676,1.0938181857150253
199,7.992258440617714,7.147551074034496,1.0708129987232093,1.0816321314012787
200,8.007250355492523,7.1395045162522,1.0587113301032487,1.069585119285669
201,8.022143651657839,7.131387709912385,1.0467519452175338,1.0576752738089334
202,8.036939234240236,7.123203331760617,1.0349328750921662,1.0459007779320242
203,8.051637996123619,7.1149540174284285,1.0232522087497216,1.034259870492729
204,8.066240817991373,7.106642361469524,1.0117080907174003,1.0227508436614647
205,8.080748568374036,7.098270917416842,1.0002987186270729,1.0113720404938285
206,8.095162103702277,7.089842197859765,0.9890223409049806,1.000121852577494
207,8.109482268365035,7.0813586745408,0.9778772545488389,0.9889987177710362
208,8.12370989477262,7.072822778471036,0.9668618029900874,0.9780011180322541
209,8.137845803424616,7.064236900063698,0.9559743740390523,0.9671275773335894
210,8.151890802982395,7.055603389285136,0.9452133979107754,0.9563766596622356
211,8.16584569034608,7.046924555822563,0.9345773453292862,0.945746967102546
212,8.179711250735773,7.038202669267916,0.9240647257081057,0.9352371379983738
213,8.193488257776885,7.029439959317166,0.9136740854047829,0.9248458451929841
214,8.207177473589399,7.020638615984456,0.9034040060472862,0.9145717943442091
215,8.220779648880878,7.0118007898304295,0.8932531029301086,0.9044137223125509
216,8.234295523043084,7.0029285922041336,0.8832200234779399,0.8943703956199361
217,8.247725824252003,6.994024095497891,0.8733034457748189,0.8844406089768958
218,8.26107126957115,6.985089333414542,0.8635020771566847,0.874623183875936
219,8.274332565057978,6.976126301246464,0.8538146528652841,0.8649169672489287
220,8.287510405873215,6.967136956165808,0.8442399347614304,0.8553208301863756
221,8.300605476393,6.958123217525366,0.8347767100956328,0.8458336667164329
222,8.313618450323657,6.9490869671695386,0.8254237903341499,0.8364543926416222
223,8.326549990818936,6.940030049754843,0.8161800100385735,0.8271819444312083
224,8.339400750599598,6.93095427307945,0.8070442257970628,0.8180152781672391
225,8.35217137207518,6.92186140842121,0.7980153152054027,0.8089533685423074
226,8.364862487467805,6.912753190883687,0.7890921758960945,0.799995207907122
227,8.377474718937888,6.903631319749689,0.7802737246137278,0.7911398053660311
228,8.390008678711608,6.8944974588418155,0.7715588963349149,0.7823861859186636
229,8.402464969210001,6.885353236889564,0.7629466434311228,0.7737333896459266
230,8.414844183179552,6.8762002479025215,0.7544359348727671,0.7651804709386156
231,8.427146903824143,6.867040051549206,0.7460257554729737,0.7567264977669488
232,8.439373704938243,6.857874173541122,0.7377151051694651,0.7483705509893855
233,8.451525151041203,6.848704106021604,0.7295029983430564,0.7401117236991241
234,8.463601797512549,6.839531307959045,0.7213884631712927,0.7319491206067236
235,8.475604190728136,6.830357205544104,0.7133705410158057,0.7238818574573375
236,8.487532868197066,6.82118319259051,0.7054482858419943,0.7159090604810913
237,8.499388358699246,6.81201063093909,0.6976207636696878,0.7080298658751747
238,8.511171182423483,6.802840850864647,0.689887052053481,0.7002434193162708
239,8.522881851106005,6.793675151485348,0.682246239591478,0.6925488755019807
240,8.5345208681693,6.784514801174274,0.6746974254612117,0.6849453977199464
241,8.54608872886119,6.7753610379728,0.6672397189815538,0.677432157443415
242,8.557585920394017,6.766215070005495,0.6598722391994574,0.6700083339520297
243,8.569012922083873,6.757078075896217,0.6525941145004258,0.6626731139766759
244,8.58037020548976,6.747951205185127,0.6454044822416244,0.655425691367242
245,8.591658234552607,6.738835578746313,0.638302488406596,0.6482652667822036
246,8.602877465734037,6.729732289205761,0.6312872872805811,0.6411910473989765
247,8.61402834815484,6.7206424013594015,0.6243580411454605,0.6342022466440078
248,8.625111323733018,6.7115669525909745,0.6175139199933989,0.6272980839416382
249,8.636126827321377,6.70250695328946,0.6107541012582776,0.6204777844807741
250,8.647075286844556,6.69346338726585,0.6040777695640495,0.6137405789984657
251,8.657957123435434,6.684437212169018,0.5974841164891851,0.6070857035795161
252,8.668772751570845,6.6754293599004795,0.5909723403463952,0.6005123994712714
253,8.67952257920654,6.666440737027821,0.5845416459768638,0.5940199129127853
254,8.690207007911313,6.657472225196606,0.5781912445582399,0.5876074949775812
255,8.700826433000264,6.648524681540566,0.5719203534256799,0.5812744014292632
256,8.711381243667097,6.639598939089883,0.565728195905246,0.5750198925892563
257,8.721871823115432,6.63069580717739,0.5596140011590056,0.5688432332159948
258,8.732298548689071,6.6218160718425345,0.5535770040411969,0.5627436923948926
259,8.742661792001146,6.612960496232925,0.5476164449648576,0.5567205434384734
260,8.752961919062125,6.6041298210033235,0.5417315697783293,0.5507730637960474
261,8.763199290406623,6.59532476471193,0.5359216296510857,0.544900534972365
262,8.773374261218963,6.58654602421383,0.5301858809683517,0.5391022424546916
263,8.783487181457462,6.577794275051468,0.5245235852340001,0.5333774756477757
264,8.793538395977384,6.569070171842024,0.5189340089812419,0.5277255278162086
265,8.80352824465255,6.5603743486615835,0.5134164236906419,0.5221456960336932
266,8.813457062495544,6.551707419425981,0.5079701057150143,0.5166372811387607
267,8.823325179776482,6.543069978268219,0.50259433621078,0.5111995876965088
268,8.833132922140345,6.534462599912374,0.4972884010753677,0.5058319239659297
269,8.842880610722808,6.525885840043878,0.49205159089028655,0.5005336018724451
270,8.852568562264569,6.517340235676107,0.4868832008694894,0.49530393698526154
271,8.862197089224125,6.508826305513196,0.48178253081268707,0.49014224849919574
272,8.871766499889002,6.500344550308999,0.47674888506327195,0.485047859220624
273,8.881277098485395,6.49189545322213,0.4717815724705355,0.48002009555723313
274,8.890729185286208,6.483479480167021,0.4668799063558797,0.4750582875112686
275,8.900123056717483,6.475097080160945,0.46204320448273223,0.47016176867598614
276,8.909459005463184,6.46674868566694,0.45727078902989604,0.4653298762350344
277,8.918737320568336,6.458434712932594,0.452561986568075,0.46056195096450814
278,8.927958287540513,6.450155562324647,0.44791612803932573,0.45585733723741945
279,8.937122188449642,6.441911618659362,0.44333254873920735,0.4512153830303599
280,8.946229302026135,6.433703251528649,0.4388105883014108,0.44663543993213545
281,8.955279903757324,6.4255308156218875,0.4343495906846551,0.4421168631541576
282,8.964274265982214,6.417394651043442,0.4299489041616556,0.4376590115424037
283,8.973212657984524,6.4092950836258336,0.42560788130997734,0.43326124759075557
284,8.982095346084028,6.401232425238557,0.4213258790046026,0.42892293745555116
285,8.990922593726193,6.393206974092525,0.41710225841203774,0.4246434509711755
286,8.999694661570109,6.385219015040132,0.4129363849858107,0.42042216166654606
287,9.008411807574706,6.377268819870915,0.40882762846321047,0.41625844678234636
288,9.01707428708328,6.369356647602831,0.4047753628631253,0.4121516872888713
289,9.025682352906296,6.361482744769124,0.4007789664848579,0.40810126790436385
290,9.034236255402506,6.353647345700803,0.396837821907785,0.40410657711371634
291,9.042736242558373,6.345850672804716,0.39295131599175515,0.4001670071874363
292,9.051182560065792,6.338092936837247,0.38911883987811263,0.3962819542007685
293,9.05957545139814,6.3303743371736285,0.3853397889912475,0.3924508180528794
294,9.067915157884656,6.322695062072889,0.38161356304057636,0.38867300248601516
295,9.076201918783129,6.315055288938451,0.3779395660228695,0.3849479151045539
296,9.084435971350961,6.307455184574397,0.37431720622483666,0.38127496739387146
297,9.092617550914564,6.2998949054374105,0.3707458962258986,0.3776535747389537
298,9.100746890937119,6.292374597884433,0.36722505290107366,0.3740831564426918
299,9.108824223084717,6.284894398416044,0.36375409742390974,0.37056313574379784
300,9.116849777290891,6.2774544339155955,0.36033245526940305,0.3670929398342876
301,9.124823781819542,6.270054821884129,0.356959556216845,0.36367199987648097
302,9.132746463326276,6.262695670671098,0.353634834352547,0.3602997510194758
303,9.140618046918187,6.255377079700937,0.3503577280723914,0.35697563241505
304,9.148438756212064,6.248099139695494,0.34712768008416733,0.35369908723295873
305,9.15620881339107,6.240861932892376,0.34394413740964885,0.3504695626755926
306,9.16392843925989,6.2336655332592255,0.3408065513863769,0.3472865099919623
307,9.171597853298378,6.2265100067039825,0.3377143776691128,0.34414938449098886
308,9.17921727371371,6.219395411281153,0.33466707623093117,0.34105764555407203
309,9.186786917491059,6.2123217973941305,0.3316641113639266,0.33801075664691915
310,9.194307000442818,6.205289207993614,0.3287049516795017,0.33500818533061116
311,9.201777737256387,6.198297678772151,0.3257890701082247,0.33204940327189786
312,9.209199341540545,6.191347238354857,0.32291594389922446,0.3291338862527019
313,9.216572025870407,6.184437908486356,0.3200850546191144,0.32626111417882725
314,9.223896001831022,6.177569704213973,0.31729588815042237,0.3234305710878575
315,9.231171480059592,6.170742634067231,0.314547934689519,0.32064174515624394
316,9.238398670286353,6.163956700233709,0.31184068874402776,0.3178941287055744
317,9.245577781374147,6.157211898731273,0.3091736491297071,0.3151872182080179
318,9.252709021356678,6.150508219576762,0.3065463189667988,0.31252051429095096
319,9.259792597475494,6.143845646951159,0.3039582056758338,0.30989352174075846
320,9.266828716215707,6.137224159361288,0.3014088209728913,0.3073057495058156
321,9.273817583340477,6.130643729798099,0.2988976808643036,0.3047567106986495
322,9.28075940392427,6.124104325891575,0.2964243056408092,0.30224592259728894
323,9.287654382384925,6.117605910062322,0.29398821987114826,0.29977290664580325
324,9.294502722514546,6.111148439669879,0.29158895239510274,0.2973371884540396
325,9.301304627509227,6.104731867157804,0.2892260363159788,0.29493829779656394
326,9.308060299997654,6.0983561401955795,0.28689900899253784,0.29257576861081513
327,9.31476994206859,6.092021201817389,0.28460741203037265,0.2902491389944791
328,9.321433755297262,6.085726990557818,0.28235079127273643,0.2879579512020939
329,9.328051940770687,6.0794734405845166,0.28012869679082686,0.28570175164089523
330,9.33462469911194,6.073260481827884,0.2779406828735295,0.2834800908659139
331,9.341152230503399,6.067088040107819,0.27578630801662835,0.28129252357433543
332,9.347634734708974,6.060956037257589,0.27366513491148614,0.2791386085991347
333,9.35407241109536,6.0548643912448545,0.2715767304332025,0.277017908901996
334,9.360465458652316,6.048813016289917,0.269520665628259,0.2749299915655349
335,9.366814076011998,6.042801822981223,0.26749651570165334,0.2728744277848285
336,9.37311846146738,6.036830718388178,0.26550386000353704,0.27085079285827546
337,9.379378812989755,6.030899606171323,0.26354228201535834,0.26885866617779064
338,9.385595328245367,6.025008386689907,0.26161136933552454,0.2668976312183559
339,9.39176820461117,6.019156957106929,0.2597107136645901,0.2649672755269362
340,9.397897639189747,6.013345211491665,0.257839910789978,0.2630671907107758
341,9.403983828823419,6.007573040919752,0.2559985605702455,0.2611969724250888
342,9.410026970107529,6.001840333570866,0.25418626691890794,0.25935622036016254
343,9.416027259402961,5.996146974824037,0.2524026377878202,0.2575445382278791
344,9.421984892847895,5.990492847350659,0.2506472851501358,0.2557615337476789
345,9.427900066368808,5.98487783120522,0.24891982498284912,0.2540068186319749
346,9.43377297569076,5.979301803913827,0.24721987724893107,0.2522800085710347
347,9.439603816346972,5.973764640560533,0.24554706587906763,0.250580723217342
348,9.44539278368772,5.9682662138715505,0.24390101875301592,0.24890858616945655
349,9.45114007288855,5.962806394297363,0.2422813676805822,0.24726322495538208
350,9.456845878957868,5.957385050092794,0.24068774838223703,0.24564427101545935
351,9.462510396743866,5.952002047395074,0.23911980046937453,0.2440513596847976
352,9.468133820940865,5.946657250299946,0.23757716742422957,0.24248413017525938
353,9.473716346095044,5.941350520935852,0.2360594965794604,0.24094222555701097
354,9.479258166609595,5.93608171953624,0.23456643909740849,0.23942529273965438
355,9.484759476749325,5.930850704510041,0.23309764994904605,0.2379329824529536
356,9.490220470644703,5.925657332510338,0.2316527878926211,0.23646494922716818
357,9.495641342295386,5.920501458501288,0.2302315154520106,0.23502085137300935
358,9.501022285573235,5.915382935823327,0.2288334988947927,0.23360035096123113
359,9.506363494224832,5.910301616256687,0.22745840821004662,0.23220311380186887
360,9.511665161873527,5.905257350083278,0.2261059170858903,0.23082880942313824
361,9.516927482021014,5.900249986146968,0.22477570288676874,0.22947711105001034
362,9.522150648048465,5.895279371912294,0.22346744663049947,0.22814769558247186
363,9.527334853217228,5.890345353521644,0.22218083296508676,0.22684024357348517
364,9.532480290669117,5.885447775850942,0.2209155501453136,0.22555443920665924
365,9.537587153426289,5.880586482563876,0.21967129000912133,0.22428997027364483
366,9.542655634390737,5.875761316164703,0.21844774795378763,0.22304652815126558
367,9.547685926343418,5.87097211804966,0.21724462291190913,0.22182380777839564
368,9.552678221943005,5.866218728557018,0.21606161732720147,0.22062150763259683
369,9.55763271372431,5.861500987015816,0.21489843713012366,0.21943932970652621
370,9.562549594096364,5.856818731793298,0.21375479171333667,0.21827697948412486
371,9.567429055340178,5.852171800341088,0.21263039390700497,0.21713416591659973
372,9.572271289606203,5.847560029240145,0.21152495995394968,0.216010601398208
373,9.577076488911493,5.842983254244509,0.21043820948466221,0.21490600174185615
374,9.581844845136583,5.838441310323882,0.2093698654921865,0.21382008615452303
375,9.586576550022109,5.833934031705068,0.20831965430687865,0.21275257721251722
376,9.591271795165149,5.829461251912309,0.20728730557105274,0.21170320083657992
377,9.595930772015343,5.825022803806525,0.20627255221351845,0.2106716862668405
378,9.600553671870761,5.820618519623513,0.20527513042402246,0.209657766037638
379,9.605140685873556,5.816248231011106,0.2042947796275968,0.208661175952214
380,9.609692005005394,5.811911769065342,0.20333124245882664,0.20768165505729014
381,9.614207820082695,5.807608964365645,0.20238426473604118,0.20671894561753584
382,9.618688321751675,5.803339647009067,0.20145359543543648,0.20577279308993693
383,9.6231337004832,5.799103646643597,0.20053898666513884,0.2048429460980739
384,9.627544146567478,5.794900792500573,0.19964019363921345,0.20392915640631754
385,9.631919850108588,5.790730913426215,0.19875697465162687,0.2030311788939503
386,9.636261001018843,5.786593837912302,0.1978890910501698,0.20214877152922187
387,9.640567789013028,5.782489394126024,0.1970363072103463,0.20128169534334664
388,9.644840403602487,5.778417409939019,0.19619839050923782,0.20042971440445131
389,9.649079034089088,5.774377712955621,0.1953751112993465,0.19959259579147953
390,9.653283869559072,5.770370130540349,0.1945662428824246,0.19877010956806093
391,9.657455098876792,5.766394489844643,0.19377156148329694,0.19796202875635271
392,9.661592910678346,5.762450617832879,0.19299084622368157,0.1971681293108591
393,9.665697493365121,5.758538341307677,0.19222387909601524,0.19638819009223793
394,9.669769035097243,5.754657486934518,0.1914704449372891,0.1956219928410988
395,9.673807723786954,5.750807881265704,0.19073033140290033,0.19486932215180092
396,9.677813747091916,5.746989350763655,0.19000332894052463,0.1941299654462556
397,9.681787292408442,5.743201721823581,0.18928923076401688,0.19340371294774134
398,9.68572854686468,5.739444820795546,0.18858783282734257,0.192690357654736
399,9.689637697313735,5.735718474005918,0.1878989337985473,0.19198969531477306
400,9.693514930326744,5.732022507778255,0.18722233503376856,0.19130152439832687
401,9.697360432185924,5.728356748453613,0.18655784055129412,0.1906256460727329
402,9.701174388877572,5.724721022410313,0.18590525700567273,0.1899618641761487
403,9.70495698608504,5.721115156083173,0.18526439366188194,0.18930998519156042
404,9.708708409181693,5.7175389759822135,0.18463506236955624,0.18866981822084045
405,9.712428843223842,5.713992308710865,0.1840170775372809,0.18804117495886022
406,9.716118472943672,5.710474980983686,0.1834102561069563,0.1874238696676647
407,9.719777482742154,5.706986819643595,0.18281441752823563,0.1868177191507118
408,9.723406056681965,5.703527651678649,0.1822293837330414,0.18622254272718247
409,9.727004378480396,5.700097304238362,0.18165497911016318,0.1856381622063646
410,9.730572631502286,5.696695604649592,0.1810910304799422,0.18506440186211648
411,9.734110998752948,5.693322380431995,0.18053736706904447,0.1845010884074126
412,9.737619662871126,5.689977459313071,0.1799938204853287,0.1839480509689779
413,9.741098806121952,5.686660669242802,0.17946022469281023,0.1834051210620122
414,9.744548610389954,5.683371838407901,0.1789364159867248,0.1828721325650094
415,9.747969257172059,5.680110795245676,0.178422232968697,0.18234892169467662
416,9.751360927570657,5.676877368457532,0.1779175165220144,0.1818353269809538
417,9.754723802286673,5.673671387022101,0.17742210978701276,0.18133118924214103
418,9.758058061612694,5.6704926802080315,0.1769358581365731,0.18083635156013333
419,9.761363885426128,5.667341077586432,0.17645860915173534,0.1803506592557688
420,9.764641453182408,5.664216409042984,0.17599021259743072,0.17987395986429205
421,9.767890943908244,5.661118504789736,0.17553052039833503,0.17940610311093583
422,9.771112536194922,5.658047195376579,0.1750793866148462,0.17894694088662436
423,9.774306408191658,5.6550023117024155,0.1746366674191887,0.17849632722380102
424,9.777472737599002,5.651983685026043,0.17420222107164696,0.1780541182723826
425,9.780611701662302,5.648991146976736,0.17377590789693007,0.17762017227584415
426,9.783723477165228,5.646024529564551,0.17335759026067,0.17719434954743418
427,9.786808240423353,5.643083665190361,0.17294713254605645,0.17677651244652653
428,9.789866167277802,5.640168386655621,0.17254440113060884,0.17636652535510705
429,9.792897433088962,5.637278527171874,0.17214926436308936,0.17596425465440116
430,9.795902212730267,5.634413920370006,0.17176159254055656,0.175569568701641
431,9.798880680582043,5.631574400309254,0.17138125788556463,0.17518233780697728
432,9.801833010525428,5.628759801485975,0.17100813452350672,0.17480243421053535
433,9.804759375936367,5.625969958842184,0.17064209846010658,0.17442973205961887
434,9.807659949679678,5.623204707773859,0.17028302755905875,0.17406410738606212
435,9.810534904103191,5.620463884139032,0.16993080151981946,0.1737054380837332
436,9.813384411031972,5.617747324265657,0.16958530185554935,0.17335360388618903
437,9.816208641762616,5.615054864959273,0.16924641187121,0.1730084863444846
438,9.819007767057622,5.612386343510461,0.168914016641815,0.17266996880513705
439,9.821781957139853,5.609741597702099,0.16858800299083682,0.17233793638824685
440,9.82453138168707,5.607120465816422,0.16826825946877164,0.1720122759657764
441,9.827256209826555,5.604522786641894,0.1679546763318615,0.17169287613998785
442,9.829956610129809,5.601948399479893,0.16764714552097723,0.17137962722204214
443,9.832632750607349,5.599397144151213,0.1673455606406601,0.1710724212107581
444,9.835284798703567,5.596868861002394,0.16704981693832707,0.17077115177153526
445,9.837912921291695,5.59436339091187,0.166759811283636,0.17047571421543967
446,9.840517284668847,5.591880575295963,0.1664754421480157,0.17018600547845364
447,9.843098054551149,5.5894202561146935,0.1661966095843588,0.1699019241008914
448,9.845655396068953,5.586982275877448,0.16592321520687991,0.16962337020698054
449,9.848189473762142,5.584566477648476,0.16565516217113804,0.16935024548460972
450,9.850700451575527,5.58217270505224,0.16539235515422576,0.1690824531652441
451,9.85318849285432,5.579800802278611,0.16513470033512404,0.1688198980040084
452,9.855653760339706,5.577450614087922,0.16488210537522405,0.168562486259939
453,9.858096416164502,5.57512198581587,0.16463447939901615,0.168310125676404
454,9.860516621848898,5.572814763378285,0.16439173297494658,0.16806272546169362
455,9.862914538296302,5.570528793275755,0.16415377809644152,0.16782019626977934
456,9.865290325789253,5.568263922598119,0.16392052816310018,0.16758245018124412
457,9.867644143985444,5.566019999028827,0.1636918979620555,0.16734940068438203
458,9.869976151913818,5.563796870849171,0.16346780364950392,0.1671209626564689
459,9.872286507970765,5.56159438694239,0.1632481627324033,0.16689705234520313
460,9.874575369916398,5.559412396797642,0.16303289405034047,0.16667758735031823
461,9.87684289487093,5.557250750513872,0.16282191775756658,0.166462486605365
462,9.879089239311122,5.555109298803542,0.1626151553052022,0.16625167035966554
463,9.881314559066846,5.552987892996253,0.16241252942361042,0.16604506016043763
464,9.883519009317704,5.550886385042251,0.16221396410493946,0.16584257883509032
465,9.88570274458976,5.548804627515819,0.16201938458583304,0.16564415047368972
466,9.887865918752357,5.54674247361856,0.16182871733030962,0.1654497004115957
467,9.890008685015005,5.544699777182569,0.16164189001280993,0.16525915521226908
468,9.892131195924376,5.542676392673495,0.1614588315014119,0.16507244265024829
469,9.894233603361378,5.54067217519351,0.16127947184121413,0.16488949169429673
470,9.896316058538313,5.538686980484162,0.16110374223788587,0.1647102324907192
471,9.898378711996116,5.536720664929131,0.16093157504138514,0.1645345963468481
472,9.900421713601705,5.534773085556892,0.16076290372984176,0.16436251571469768
473,9.902445212545382,5.532844100043266,0.16059766289360888,0.16419392417478762
474,9.904449357338345,5.530933566713892,0.1604357882194783,0.164028756420134
475,9.906434295810268,5.529041344546591,0.16027721647506263,0.1638669482404087
476,9.908400175106976,5.527167293173641,0.1601218854933412,0.16370843650626477
477,9.9103471416882,5.5253112728839655,0.15996973415737104,0.16355315915382915
478,9.912275341325412,5.523473144625223,0.15982070238516105,0.16340105516936124
479,9.914184919099737,5.521652770005815,0.15967473111471017,0.16325206457407676
480,9.916076019399966,5.519850011296806,0.159531762289207,0.16310612840913666
481,9.91794878592063,5.5180647314337525,0.159391738842392,0.16296318872079943
482,9.919803361660165,5.516296794018452,0.15925460468408117,0.1628231885457381
483,9.921639888919147,5.514546063320611,0.1591203046858498,0.1626860718965193
484,9.923458509298625,5.5128124042794235,0.1589887846668762,0.16255178374724413
485,9.925259363698512,5.511095682505074,0.15885999137994464,0.16242027001935125
486,9.927042592316063,5.509395764280161,0.158733872497607,0.16229147756757994
487,9.928808334644435,5.5077125165610425,0.15861037659850127,0.16216535416609307
488,9.930556729471313,5.506045806979098,0.1584894531538275,0.16204184849475925
489,9.932287914877623,5.504395503841924,0.15837105251397943,0.161920910125593
490,9.93400202823631,5.502761476134447,0.1582551258953315,0.16180248950935225
491,9.935699206211199,5.501143593519966,0.15814162536718007,0.16168653796229268
492,9.937379584755922,5.499541726341122,0.15803050383883777,0.16157300765307708
493,9.939043299112926,5.497955745620794,0.15792171504688116,0.1614618515898399
494,9.940690483812553,5.496385523062925,0.15781521354254893,0.1613530236074052
495,9.942321272672178,5.4948309310532775,0.1577109546792921,0.161246478354658
496,9.94393579879544,5.493291842660125,0.15760889460047306,0.161142171282067
497,9.945534194571525,5.491768131634866,0.1575089902272138,0.1610400586293586
498,9.94711659167453,5.49025967241258,0.15741119924639213,0.16094009741334064
499,9.948683121062885,5.488766340112511,0.1573154800987844,0.16084224541587533
500,9.950233912978858,5.487288010538492,0.15722179196735495,0.1607464611720003
