topology_id,sample_size,candidate_id,candidate_type,length,oracle_denominator,two_stage_denominator,spoplus_denominator,oracle_selection_count,two_stage_selection_count,spoplus_selection_count,oracle_selection_rate,two_stage_selection_rate,spoplus_selection_rate,spoplus_minus_2stage_rate
G-269,100,G-269:c0000,chain,1,5000,5000,5000,0,0,0,0.0,0.0,0.0,0.0
G-269,100,G-269:c0001,chain,2,5000,5000,5000,0,0,0,0.0,0.0,0.0,0.0
G-269,100,G-269:c0002,chain,3,5000,5000,5000,0,0,0,0.0,0.0,0.0,0.0
G-269,100,G-269:c0003,chain,4,5000,5000,5000,4705,29,5000,0.941,0.0058,1.0,0.9942
G-269,100,G-269:c0004,chain,2,5000,5000,5000,0,0,0,0.0,0.0,0.0,0.0
G-269,100,G-269:c0005,chain,3,5000,5000,5000,295,4971,0,0.059,0.9942,0.0,-0.9942
G-269,100,G-269:c0006,chain,1,5000,5000,5000,0,0,0,0.0,0.0,0.0,0.0
G-269,100,G-269:c0007,chain,2,5000,5000,5000,0,0,0,0.0,0.0,0.0,0.0
G-269,100,G-269:c0008,chain,1,5000,5000,5000,0,0,0,0.0,0.0,0.0,0.0
G-269,100,G-269:c0009,chain,2,5000,5000,5000,0,0,0,0.0,0.0,0.0,0.0
G-269,100,G-269:c0010,chain,3,5000,5000,5000,4705,29,5000,0.941,0.0058,1.0,0.9942
G-269,100,G-269:c0011,chain,2,5000,5000,5000,0,0,0,0.0,0.0,0.0,0.0
G-269,100,G-269:c0012,chain,3,5000,5000,5000,0,0,0,0.0,0.0,0.0,0.0
G-269,100,G-269:c0013,chain,4,5000,5000,5000,0,0,0,0.0,0.0,0.0,0.0
G-269,100,G-269:c0014,chain,3,5000,5000,5000,0,0,0,0.0,0.0,0.0,0.0
G-269,100,G-269:c0015,chain,4,5000,5000,5000,0,0,0,0.0,0.0,0.0,0.0
G-269,100,G-269:c0016,chain,1,5000,5000,5000,0,0,0,0.0,0.0,0.0,0.0
G-269,100,G-269:c0017,chain,2,5000,5000,5000,0,0,0,0.0,0.0,0.0,0.0
G-269,100,G-269:c0018,chain,3,5000,5000,5000,0,0,0,0.0,0.0,0.0,0.0
G-269,100,G-269:c0019,chain,4,5000,5000,5000,0,0,0,0.0,0.0,0.0,0.0
G-269,100,G-269:c0020,chain,4,5000,5000,5000,0,0,0,0.0,0.0,0.0,0.0
G-269,100,G-269:c0021,chain,2,5000,5000,5000,0,0,0,0.0,0.0,0.0,0.0
G-269,100,G-269:c0022,chain,3,5000,5000,5000,0,0,0,0.0,0.0,0.0,0.0
G-269,100,G-269:c0023,chain,4,5000,5000,5000,0,0,0,0.0,0.0,0.0,0.0
G-269,100,G-269:c0024,chain,3,5000,5000,5000,0,0,0,0.0,0.0,0.0,0.0
G-269,100,G-269:c0025,chain,4,5000,5000,5000,0,0,0,0.0,0.0,0.0,0.0
G-269,100,G-269:c0026,chain,2,5000,5000,5000,0,0,0,0.0,0.0,0.0,0.0
G-269,100,G-269:c0027,chain,3,5000,5000,5000,0,0,0,0.0,0.0,0.0,0.0
G-269,100,G-269:c0028,chain,4,5000,5000,5000,0,0,0,0.0,0.0,0.0,0.0
G-269,100,G-269:c0029,chain,3,5000,5000,5000,0,0,0,0.0,0.0,0.0,0.0
G-269,100,G-269:c0030,chain,4,5000,5000,5000,0,0,0,0.0,0.0,0.0,0.0
G-269,100,G-269:c0031,chain,4,5000,5000,5000,0,0,0,0.0,0.0,0.0,0.0
G-269,100,G-269:c0032,chain,3,5000,5000,5000,0,0,0,0.0,0.0,0.0,0.0
G-269,100,G-269:c0033,chain,4,5000,5000,5000,295,4971,0,0.059,0.9942,0.0,-0.9942
G-269,100,G-269:c0034,chain,3,5000,5000,5000,0,0,0,0.0,0.0,0.0,0.0
G-269,100,G-269:c0035,chain,4,5000,5000,5000,0,0,0,0.0,0.0,0.0,0.0
G-269,100,G-269:c0036,chain,2,5000,5000,5000,0,0,0,0.0,0.0,0.0,0.0
G-269,100,G-269:c0037,chain,3,5000,5000,5000,0,0,0,0.0,0.0,0.0,0.0
G-269,100,G-269:c0038,chain,1,5000,5000,5000,0,0,0,0.0,0.0,0.0,0.0
G-269,100,G-269:c0039,chain,2,5000,5000,5000,0,0,0,0.0,0.0,0.0,0.0
G-269,500,G-269:c0000,chain,1,5000,5000,5000,0,0,0,0.0,0.0,0.0,0.0
G-269,500,G-269:c0001,chain,2,5000,5000,5000,0,0,0,0.0,0.0,0.0,0.0
G-269,500,G-269:c0002,chain,3,5000,5000,5000,0,0,0,0.0,0.0,0.0,0.0
G-269,500,G-269:c0003,chain,4,5000,5000,5000,4705,41,5000,0.941,0.0082,1.0,0.9918
G-269,500,G-269:c0004,chain,2,5000,5000,5000,0,0,0,0.0,0.0,0.0,0.0
G-269,500,G-269:c0005,chain,3,5000,5000,5000,295,4959,0,0.059,0.9918,0.0,-0.9918
G-269,500,G-269:c0006,chain,1,5000,5000,5000,0,0,0,0.0,0.0,0.0,0.0
G-269,500,G-269:c0007,chain,2,5000,5000,5000,0,0,0,0.0,0.0,0.0,0.0
G-269,500,G-269:c0008,chain,1,5000,5000,5000,0,0,0,0.0,0.0,0.0,0.0
G-269,500,G-269:c0009,chain,2,5000,5000,5000,0,0,0,0.0,0.0,0.0,0.0
G-269,500,G-269:c0010,chain,3,5000,5000,5000,4705,41,5000,0.941,0.0082,1.0,0.9918
G-269,500,G-269:c0011,chain,2,5000,5000,5000,0,0,0,0.0,0.0,0.0,0.0
G-269,500,G-269:c0012,chain,3,5000,5000,5000,0,0,0,0.0,0.0,0.0,0.0
G-269,500,G-269:c0013,chain,4,5000,5000,5000,0,0,0,0.0,0.0,0.0,0.0
G-269,500,G-269:c0014,chain,3,5000,5000,5000,0,0,0,0.0,0.0,0.0,0.0
G-269,500,G-269:c0015,chain,4,5000,5000,5000,0,0,0,0.0,0.0,0.0,0.0
G-269,500,G-269:c0016,chain,1,5000,5000,5000,0,0,0,0.0,0.0,0.0,0.0
G-269,500,G-269:c0017,chain,2,5000,5000,5000,0,0,0,0.0,0.0,0.0,0.0
G-269,500,G-269:c0018,chain,3,5000,5000,5000,0,0,0,0.0,0.0,0.0,0.0
G-269,500,G-269:c0019,chain,4,5000,5000,5000,0,0,0,0.0,0.0,0.0,0.0
G-269,500,G-269:c0020,chain,4,5000,5000,5000,0,0,0,0.0,0.0,0.0,0.0
G-269,500,G-269:c0021,chain,2,5000,5000,5000,0,0,0,0.0,0.0,0.0,0.0
G-269,500,G-269:c0022,chain,3,5000,5000,5000,0,0,0,0.0,0.0,0.0,0.0
G-269,500,G-269:c0023,chain,4,5000,5000,5000,0,0,0,0.0,0.0,0.0,0.0
G-269,500,G-269:c0024,chain,3,5000,5000,5000,0,0,0,0.0,0.0,0.0,0.0
G-269,500,G-269:c0025,chain,4,5000,5000,5000,0,0,0,0.0,0.0,0.0,0.0
G-269,500,G-269:c0026,chain,2,5000,5000,5000,0,0,0,0.0,0.0,0.0,0.0
G-269,500,G-269:c0027,chain,3,5000,5000,5000,0,0,0,0.0,0.0,0.0,0.0
G-269,500,G-269:c0028,chain,4,5000,5000,5000,0,0,0,0.0,0.0,0.0,0.0
G-269,500,G-269:c0029,chain,3,5000,5000,5000,0,0,0,0.0,0.0,0.0,0.0
G-269,500,G-269:c0030,chain,4,5000,5000,5000,0,0,0,0.0,0.0,0.0,0.0
G-269,500,G-269:c0031,chain,4,5000,5000,5000,0,0,0,0.0,0.0,0.0,0.0
G-269,500,G-269:c0032,chain,3,5000,5000,5000,0,0,0,0.0,0.0,0.0,0.0
G-269,500,G-269:c0033,chain,4,5000,5000,5000,295,4959,0,0.059,0.9918,0.0,-0.9918
G-269,500,G-269:c0034,chain,3,5000,5000,5000,0,0,0,0.0,0.0,0.0,0.0
G-269,500,G-269:c0035,chain,4,5000,5000,5000,0,0,0,0.0,0.0,0.0,0.0
G-269,500,G-269:c0036,chain,2,5000,5000,5000,0,0,0,0.0,0.0,0.0,0.0
G-269,500,G-269:c0037,chain,3,5000,5000,5000,0,0,0,0.0,0.0,0.0,0.0
G-269,500,G-269:c0038,chain,1,5000,5000,5000,0,0,0,0.0,0.0,0.0,0.0
G-269,500,G-269:c0039,chain,2,5000,5000,5000,0,0,0,0.0,0.0,0.0,0.0
G-269,50,G-269:c0000,chain,1,5000,5000,5000,0,0,0,0.0,0.0,0.0,0.0
G-269,50,G-269:c0001,chain,2,5000,5000,5000,0,0,0,0.0,0.0,0.0,0.0
G-269,50,G-269:c0002,chain,3,5000,5000,5000,0,0,0,0.0,0.0,0.0,0.0
G-269,50,G-269:c0003,chain,4,5000,5000,5000,4705,31,5000,0.941,0.0062,1.0,0.9938
G-269,50,G-269:c0004,chain,2,5000,5000,5000,0,0,0,0.0,0.0,0.0,0.0
G-269,50,G-269:c0005,chain,3,5000,5000,5000,295,4969,0,0.059,0.9938,0.0,-0.9938
G-269,50,G-269:c0006,chain,1,5000,5000,5000,0,0,0,0.0,0.0,0.0,0.0
G-269,50,G-269:c0007,chain,2,5000,5000,5000,0,0,0,0.0,0.0,0.0,0.0
G-269,50,G-269:c0008,chain,1,5000,5000,5000,0,0,0,0.0,0.0,0.0,0.0
G-269,50,G-269:c0009,chain,2,5000,5000,5000,0,0,0,0.0,0.0,0.0,0.0
G-269,50,G-269:c0010,chain,3,5000,5000,5000,4705,31,5000,0.941,0.0062,1.0,0.9938
G-269,50,G-269:c0011,chain,2,5000,5000,5000,0,0,0,0.0,0.0,0.0,0.0
G-269,50,G-269:c0012,chain,3,5000,5000,5000,0,0,0,0.0,0.0,0.0,0.0
G-269,50,G-269:c0013,chain,4,5000,5000,5000,0,0,0,0.0,0.0,0.0,0.0
G-269,50,G-269:c0014,chain,3,5000,5000,5000,0,0,0,0.0,0.0,0.0,0.0
G-269,50,G-269:c0015,chain,4,5000,5000,5000,0,0,0,0.0,0.0,0.0,0.0
G-269,50,G-269:c0016,chain,1,5000,5000,5000,0,0,0,0.0,0.0,0.0,0.0
G-269,50,G-269:c0017,chain,2,5000,5000,5000,0,0,0,0.0,0.0,0.0,0.0
G-269,50,G-269:c0018,chain,3,5000,5000,5000,0,0,0,0.0,0.0,0.0,0.0
G-269,50,G-269:c0019,chain,4,5000,5000,5000,0,0,0,0.0,0.0,0.0,0.0
G-269,50,G-269:c0020,chain,4,5000,5000,5000,0,0,0,0.0,0.0,0.0,0.0
G-269,50,G-269:c0021,chain,2,5000,5000,5000,0,0,0,0.0,0.0,0.0,0.0
G-269,50,G-269:c0022,chain,3,5000,5000,5000,0,0,0,0.0,0.0,0.0,0.0
G-269,50,G-269:c0023,chain,4,5000,5000,5000,0,0,0,0.0,0.0,0.0,0.0
G-269,50,G-269:c0024,chain,3,5000,5000,5000,0,0,0,0.0,0.0,0.0,0.0
G-269,50,G-269:c0025,chain,4,5000,5000,5000,0,0,0,0.0,0.0,0.0,0.0
G-269,50,G-269:c0026,chain,2,5000,5000,5000,0,0,0,0.0,0.0,0.0,0.0
G-269,50,G-269:c0027,chain,3,5000,5000,5000,0,0,0,0.0,0.0,0.0,0.0
G-269,50,G-269:c0028,chain,4,5000,5000,5000,0,0,0,0.0,0.0,0.0,0.0
G-269,50,G-269:c0029,chain,3,5000,5000,5000,0,0,0,0.0,0.0,0.0,0.0
G-269,50,G-269:c0030,chain,4,5000,5000,5000,0,0,0,0.0,0.0,0.0,0.0
G-269,50,G-269:c0031,chain,4,5000,5000,5000,0,0,0,0.0,0.0,0.0,0.0
G-269,50,G-269:c0032,chain,3,5000,5000,5000,0,0,0,0.0,0.0,0.0,0.0
G-269,50,G-269:c0033,chain,4,5000,5000,5000,295,4969,0,0.059,0.9938,0.0,-0.9938
G-269,50,G-269:c0034,chain,3,5000,5000,5000,0,0,0,0.0,0.0,0.0,0.0
G-269,50,G-269:c0035,chain,4,5000,5000,5000,0,0,0,0.0,0.0,0.0,0.0
G-269,50,G-269:c0036,chain,2,5000,5000,5000,0,0,0,0.0,0.0,0.0,0.0
G-269,50,G-269:c0037,chain,3,5000,5000,5000,0,0,0,0.0,0.0,0.0,0.0
G-269,50,G-269:c0038,chain,1,5000,5000,5000,0,0,0,0.0,0.0,0.0,0.0
G-269,50,G-269:c0039,chain,2,5000,5000,5000,0,0,0,0.0,0.0,0.0,0.0
G-364,100,G-364:c0000,chain,1,5000,5000,5000,4320,5000,5000,0.864,1.0,1.0,0.0
G-364,100,G-364:c0001,chain,1,5000,5000,5000,0,0,0,0.0,0.0,0.0,0.0
G-364,100,G-364:c0002,chain,2,5000,5000,5000,0,0,0,0.0,0.0,0.0,0.0
G-364,100,G-364:c0003,chain,3,5000,5000,5000,110,4995,2348,0.022,0.999,0.4696,-0.5294
G-364,100,G-364:c0004,chain,2,5000,5000,5000,2260,5,7,0.452,0.001,0.0014,0.00039999999999999996
G-364,100,G-364:c0005,chain,3,5000,5000,5000,680,0,0,0.136,0.0,0.0,0.0
G-364,100,G-364:c0006,chain,2,5000,5000,5000,1950,0,2645,0.39,0.0,0.529,0.529
G-364,500,G-364:c0000,chain,1,5000,5000,5000,4320,5000,5000,0.864,1.0,1.0,0.0
G-364,500,G-364:c0001,chain,1,5000,5000,5000,0,0,0,0.0,0.0,0.0,0.0
G-364,500,G-364:c0002,chain,2,5000,5000,5000,0,0,0,0.0,0.0,0.0,0.0
G-364,500,G-364:c0003,chain,3,5000,5000,5000,110,4995,612,0.022,0.999,0.1224,-0.8766
G-364,500,G-364:c0004,chain,2,5000,5000,5000,2260,5,0,0.452,0.001,0.0,-0.001
G-364,500,G-364:c0005,chain,3,5000,5000,5000,680,0,0,0.136,0.0,0.0,0.0
G-364,500,G-364:c0006,chain,2,5000,5000,5000,1950,0,4388,0.39,0.0,0.8776,0.8776
G-364,50,G-364:c0000,chain,1,5000,5000,5000,4320,5000,5000,0.864,1.0,1.0,0.0
G-364,50,G-364:c0001,chain,1,5000,5000,5000,0,0,0,0.0,0.0,0.0,0.0
G-364,50,G-364:c0002,chain,2,5000,5000,5000,0,0,0,0.0,0.0,0.0,0.0
G-364,50,G-364:c0003,chain,3,5000,5000,5000,110,4995,3299,0.022,0.999,0.6598,-0.33919999999999995
G-364,50,G-364:c0004,chain,2,5000,5000,5000,2260,5,20,0.452,0.001,0.004,0.003
G-364,50,G-364:c0005,chain,3,5000,5000,5000,680,0,0,0.136,0.0,0.0,0.0
G-364,50,G-364:c0006,chain,2,5000,5000,5000,1950,0,1681,0.39,0.0,0.3362,0.3362
G-398,100,G-398:c0000,cycle,2,5000,5000,5000,0,0,0,0.0,0.0,0.0,0.0
G-398,100,G-398:c0001,cycle,2,5000,5000,5000,0,0,0,0.0,0.0,0.0,0.0
G-398,100,G-398:c0002,cycle,3,5000,5000,5000,5000,0,5000,1.0,0.0,1.0,1.0
G-398,100,G-398:c0003,chain,1,5000,5000,5000,0,0,0,0.0,0.0,0.0,0.0
G-398,100,G-398:c0004,chain,1,5000,5000,5000,0,0,0,0.0,0.0,0.0,0.0
G-398,100,G-398:c0005,chain,2,5000,5000,5000,0,0,0,0.0,0.0,0.0,0.0
G-398,100,G-398:c0006,chain,3,5000,5000,5000,0,0,0,0.0,0.0,0.0,0.0
G-398,100,G-398:c0007,chain,4,5000,5000,5000,0,0,0,0.0,0.0,0.0,0.0
G-398,100,G-398:c0008,chain,4,5000,5000,5000,0,0,0,0.0,0.0,0.0,0.0
G-398,100,G-398:c0009,chain,3,5000,5000,5000,5000,0,5000,1.0,0.0,1.0,1.0
G-398,100,G-398:c0010,chain,4,5000,5000,5000,0,5000,0,0.0,1.0,0.0,-1.0
G-398,100,G-398:c0011,chain,1,5000,5000,5000,0,0,0,0.0,0.0,0.0,0.0
G-398,100,G-398:c0012,chain,2,5000,5000,5000,0,0,0,0.0,0.0,0.0,0.0
G-398,100,G-398:c0013,chain,3,5000,5000,5000,0,0,0,0.0,0.0,0.0,0.0
G-398,100,G-398:c0014,chain,4,5000,5000,5000,0,0,0,0.0,0.0,0.0,0.0
G-398,100,G-398:c0015,chain,3,5000,5000,5000,0,0,0,0.0,0.0,0.0,0.0
G-398,100,G-398:c0016,chain,2,5000,5000,5000,0,0,0,0.0,0.0,0.0,0.0
G-398,100,G-398:c0017,chain,2,5000,5000,5000,0,0,0,0.0,0.0,0.0,0.0
G-398,100,G-398:c0018,chain,3,5000,5000,5000,0,0,0,0.0,0.0,0.0,0.0
G-398,100,G-398:c0019,chain,4,5000,5000,5000,0,0,0,0.0,0.0,0.0,0.0
G-398,100,G-398:c0020,chain,4,5000,5000,5000,0,0,0,0.0,0.0,0.0,0.0
G-398,100,G-398:c0021,chain,2,5000,5000,5000,0,0,0,0.0,0.0,0.0,0.0
G-398,100,G-398:c0022,chain,3,5000,5000,5000,0,0,0,0.0,0.0,0.0,0.0
G-398,100,G-398:c0023,chain,4,5000,5000,5000,0,0,0,0.0,0.0,0.0,0.0
G-398,100,G-398:c0024,chain,1,5000,5000,5000,0,0,0,0.0,0.0,0.0,0.0
G-398,100,G-398:c0025,chain,2,5000,5000,5000,0,0,0,0.0,0.0,0.0,0.0
G-398,100,G-398:c0026,chain,3,5000,5000,5000,0,0,0,0.0,0.0,0.0,0.0
G-398,100,G-398:c0027,chain,3,5000,5000,5000,0,0,0,0.0,0.0,0.0,0.0
G-398,100,G-398:c0028,chain,4,5000,5000,5000,0,0,0,0.0,0.0,0.0,0.0
G-398,100,G-398:c0029,chain,4,5000,5000,5000,0,0,0,0.0,0.0,0.0,0.0
G-398,100,G-398:c0030,chain,4,5000,5000,5000,0,5000,0,0.0,1.0,0.0,-1.0
G-398,100,G-398:c0031,chain,2,5000,5000,5000,0,0,0,0.0,0.0,0.0,0.0
G-398,100,G-398:c0032,chain,1,5000,5000,5000,5000,0,5000,1.0,0.0,1.0,1.0
G-398,100,G-398:c0033,chain,1,5000,5000,5000,0,0,0,0.0,0.0,0.0,0.0
G-398,100,G-398:c0034,chain,2,5000,5000,5000,0,0,0,0.0,0.0,0.0,0.0
G-398,100,G-398:c0035,chain,3,5000,5000,5000,0,0,0,0.0,0.0,0.0,0.0
G-398,100,G-398:c0036,chain,4,5000,5000,5000,0,0,0,0.0,0.0,0.0,0.0
G-398,100,G-398:c0037,chain,4,5000,5000,5000,0,0,0,0.0,0.0,0.0,0.0
G-398,100,G-398:c0038,chain,3,5000,5000,5000,0,0,0,0.0,0.0,0.0,0.0
G-398,100,G-398:c0039,chain,4,5000,5000,5000,0,0,0,0.0,0.0,0.0,0.0
G-398,500,G-398:c0000,cycle,2,5000,5000,5000,0,0,0,0.0,0.0,0.0,0.0
G-398,500,G-398:c0001,cycle,2,5000,5000,5000,0,0,0,0.0,0.0,0.0,0.0
G-398,500,G-398:c0002,cycle,3,5000,5000,5000,5000,0,5000,1.0,0.0,1.0,1.0
G-398,500,G-398:c0003,chain,1,5000,5000,5000,0,0,0,0.0,0.0,0.0,0.0
G-398,500,G-398:c0004,chain,1,5000,5000,5000,0,0,0,0.0,0.0,0.0,0.0
G-398,500,G-398:c0005,chain,2,5000,5000,5000,0,0,0,0.0,0.0,0.0,0.0
G-398,500,G-398:c0006,chain,3,5000,5000,5000,0,0,0,0.0,0.0,0.0,0.0
G-398,500,G-398:c0007,chain,4,5000,5000,5000,0,0,0,0.0,0.0,0.0,0.0
G-398,500,G-398:c0008,chain,4,5000,5000,5000,0,0,0,0.0,0.0,0.0,0.0
G-398,500,G-398:c0009,chain,3,5000,5000,5000,5000,0,5000,1.0,0.0,1.0,1.0
G-398,500,G-398:c0010,chain,4,5000,5000,5000,0,5000,0,0.0,1.0,0.0,-1.0
G-398,500,G-398:c0011,chain,1,5000,5000,5000,0,0,0,0.0,0.0,0.0,0.0
G-398,500,G-398:c0012,chain,2,5000,5000,5000,0,0,0,0.0,0.0,0.0,0.0
G-398,500,G-398:c0013,chain,3,5000,5000,5000,0,0,0,0.0,0.0,0.0,0.0
G-398,500,G-398:c0014,chain,4,5000,5000,5000,0,0,0,0.0,0.0,0.0,0.0
G-398,500,G-398:c0015,chain,3,5000,5000,5000,0,0,0,0.0,0.0,0.0,0.0
G-398,500,G-398:c0016,chain,2,5000,5000,5000,0,0,0,0.0,0.0,0.0,0.0
G-398,500,G-398:c0017,chain,2,5000,5000,5000,0,0,0,0.0,0.0,0.0,0.0
G-398,500,G-398:c0018,chain,3,5000,5000,5000,0,0,0,0.0,0.0,0.0,0.0
G-398,500,G-398:c0019,chain,4,5000,5000,5000,0,0,0,0.0,0.0,0.0,0.0
G-398,500,G-398:c0020,chain,4,5000,5000,5000,0,0,0,0.0,0.0,0.0,0.0
G-398,500,G-398:c0021,chain,2,5000,5000,5000,0,0,0,0.0,0.0,0.0,0.0
G-398,500,G-398:c0022,chain,3,5000,5000,5000,0,0,0,0.0,0.0,0.0,0.0
G-398,500,G-398:c0023,chain,4,5000,5000,5000,0,0,0,0.0,0.0,0.0,0.0
G-398,500,G-398:c0024,chain,1,5000,5000,5000,0,0,0,0.0,0.0,0.0,0.0
G-398,500,G-398:c0025,chain,2,5000,5000,5000,0,0,0,0.0,0.0,0.0,0.0
G-398,500,G-398:c0026,chain,3,5000,5000,5000,0,0,0,0.0,0.0,0.0,0.0
G-398,500,G-398:c0027,chain,3,5000,5000,5000,0,0,0,0.0,0.0,0.0,0.0
G-398,500,G-398:c0028,chain,4,5000,5000,5000,0,0,0,0.0,0.0,0.0,0.0
G-398,500,G-398:c0029,chain,4,5000,5000,5000,0,0,0,0.0,0.0,0.0,0.0
G-398,500,G-398:c0030,chain,4,5000,5000,5000,0,5000,0,0.0,1.0,0.0,-1.0
G-398,500,G-398:c0031,chain,2,5000,5000,5000,0,0,0,0.0,0.0,0.0,0.0
G-398,500,G-398:c0032,chain,1,5000,5000,5000,5000,0,5000,1.0,0.0,1.0,1.0
G-398,500,G-398:c0033,chain,1,5000,5000,5000,0,0,0,0.0,0.0,0.0,0.0
G-398,500,G-398:c0034,chain,2,5000,5000,5000,0,0,0,0.0,0.0,0.0,0.0
G-398,500,G-398:c0035,chain,3,5000,5000,5000,0,0,0,0.0,0.0,0.0,0.0
G-398,500,G-398:c0036,chain,4,5000,5000,5000,0,0,0,0.0,0.0,0.0,0.0
G-398,500,G-398:c0037,chain,4,5000,5000,5000,0,0,0,0.0,0.0,0.0,0.0
G-398,500,G-398:c0038,chain,3,5000,5000,5000,0,0,0,0.0,0.0,0.0,0.0
G-398,500,G-398:c0039,chain,4,5000,5000,5000,0,0,0,0.0,0.0,0.0,0.0
G-398,50,G-398:c0000,cycle,2,5000,5000,5000,0,0,0,0.0,0.0,0.0,0.0
G-398,50,G-398:c0001,cycle,2,5000,5000,5000,0,0,0,0.0,0.0,0.0,0.0
G-398,50,G-398:c0002,cycle,3,5000,5000,5000,5000,0,5000,1.0,0.0,1.0,1.0
G-398,50,G-398:c0003,chain,1,5000,5000,5000,0,0,0,0.0,0.0,0.0,0.0
G-398,50,G-398:c0004,chain,1,5000,5000,5000,0,0,0,0.0,0.0,0.0,0.0
G-398,50,G-398:c0005,chain,2,5000,5000,5000,0,0,0,0.0,0.0,0.0,0.0
G-398,50,G-398:c0006,chain,3,5000,5000,5000,0,0,0,0.0,0.0,0.0,0.0
G-398,50,G-398:c0007,chain,4,5000,5000,5000,0,0,0,0.0,0.0,0.0,0.0
G-398,50,G-398:c0008,chain,4,5000,5000,5000,0,0,0,0.0,0.0,0.0,0.0
G-398,50,G-398:c0009,chain,3,5000,5000,5000,5000,0,5000,1.0,0.0,1.0,1.0
G-398,50,G-398:c0010,chain,4,5000,5000,5000,0,5000,0,0.0,1.0,0.0,-1.0
G-398,50,G-398:c0011,chain,1,5000,5000,5000,0,0,0,0.0,0.0,0.0,0.0
G-398,50,G-398:c0012,chain,2,5000,5000,5000,0,0,0,0.0,0.0,0.0,0.0
G-398,50,G-398:c0013,chain,3,5000,5000,5000,0,0,0,0.0,0.0,0.0,0.0
G-398,50,G-398:c0014,chain,4,5000,5000,5000,0,0,0,0.0,0.0,0.0,0.0
G-398,50,G-398:c0015,chain,3,5000,5000,5000,0,0,0,0.0,0.0,0.0,0.0
G-398,50,G-398:c0016,chain,2,5000,5000,5000,0,0,0,0.0,0.0,0.0,0.0
G-398,50,G-398:c0017,chain,2,5000,5000,5000,0,0,0,0.0,0.0,0.0,0.0
G-398,50,G-398:c0018,chain,3,5000,5000,5000,0,0,0,0.0,0.0,0.0,0.0
G-398,50,G-398:c0019,chain,4,5000,5000,5000,0,0,0,0.0,0.0,0.0,0.0
G-398,50,G-398:c0020,chain,4,5000,5000,5000,0,0,0,0.0,0.0,0.0,0.0
G-398,50,G-398:c0021,chain,2,5000,5000,5000,0,0,0,0.0,0.0,0.0,0.0
G-398,50,G-398:c0022,chain,3,5000,5000,5000,0,0,0,0.0,0.0,0.0,0.0
G-398,50,G-398:c0023,chain,4,5000,5000,5000,0,0,0,0.0,0.0,0.0,0.0
G-398,50,G-398:c0024,chain,1,5000,5000,5000,0,0,0,0.0,0.0,0.0,0.0
G-398,50,G-398:c0025,chain,2,5000,5000,5000,0,0,0,0.0,0.0,0.0,0.0
G-398,50,G-398:c0026,chain,3,5000,5000,5000,0,0,0,0.0,0.0,0.0,0.0
G-398,50,G-398:c0027,chain,3,5000,5000,5000,0,0,0,0.0,0.0,0.0,0.0
G-398,50,G-398:c0028,chain,4,5000,5000,5000,0,0,0,0.0,0.0,0.0,0.0
G-398,50,G-398:c0029,chain,4,5000,5000,5000,0,0,0,0.0,0.0,0.0,0.0
G-398,50,G-398:c0030,chain,4,5000,5000,5000,0,5000,0,0.0,1.0,0.0,-1.0
G-398,50,G-398:c0031,chain,2,5000,5000,5000,0,0,0,0.0,0.0,0.0,0.0
G-398,50,G-398:c0032,chain,1,5000,5000,5000,5000,0,5000,1.0,0.0,1.0,1.0
G-398,50,G-398:c0033,chain,1,5000,5000,5000,0,0,0,0.0,0.0,0.0,0.0
G-398,50,G-398:c0034,chain,2,5000,5000,5000,0,0,0,0.0,0.0,0.0,0.0
G-398,50,G-398:c0035,chain,3,5000,5000,5000,0,0,0,0.0,0.0,0.0,0.0
G-398,50,G-398:c0036,chain,4,5000,5000,5000,0,0,0,0.0,0.0,0.0,0.0
G-398,50,G-398:c0037,chain,4,5000,5000,5000,0,0,0,0.0,0.0,0.0,0.0
G-398,50,G-398:c0038,chain,3,5000,5000,5000,0,0,0,0.0,0.0,0.0,0.0
G-398,50,G-398:c0039,chain,4,5000,5000,5000,0,0,0,0.0,0.0,0.0,0.0
G-670,100,G-670:c0000,cycle,2,5000,5000,5000,5000,5000,5000,1.0,1.0,1.0,0.0
G-670,100,G-670:c0001,cycle,3,5000,5000,5000,0,0,0,0.0,0.0,0.0,0.0
G-670,100,G-670:c0002,cycle,3,5000,5000,5000,0,0,0,0.0,0.0,0.0,0.0
G-670,100,G-670:c0003,cycle,2,5000,5000,5000,0,0,0,0.0,0.0,0.0,0.0
G-670,100,G-670:c0004,chain,1,5000,5000,5000,0,0,0,0.0,0.0,0.0,0.0
G-670,100,G-670:c0005,chain,2,5000,5000,5000,0,0,0,0.0,0.0,0.0,0.0
G-670,100,G-670:c0006,chain,3,5000,5000,5000,0,0,0,0.0,0.0,0.0,0.0
G-670,100,G-670:c0007,chain,4,5000,5000,5000,0,0,0,0.0,0.0,0.0,0.0
G-670,100,G-670:c0008,chain,4,5000,5000,5000,0,0,0,0.0,0.0,0.0,0.0
G-670,100,G-670:c0009,chain,4,5000,5000,5000,0,0,0,0.0,0.0,0.0,0.0
G-670,100,G-670:c0010,chain,3,5000,5000,5000,0,0,0,0.0,0.0,0.0,0.0
G-670,100,G-670:c0011,chain,4,5000,5000,5000,0,0,0,0.0,0.0,0.0,0.0
G-670,100,G-670:c0012,chain,3,5000,5000,5000,0,0,0,0.0,0.0,0.0,0.0
G-670,100,G-670:c0013,chain,4,5000,5000,5000,0,0,0,0.0,0.0,0.0,0.0
G-670,100,G-670:c0014,chain,2,5000,5000,5000,0,0,0,0.0,0.0,0.0,0.0
G-670,100,G-670:c0015,chain,3,5000,5000,5000,0,0,0,0.0,0.0,0.0,0.0
G-670,100,G-670:c0016,chain,4,5000,5000,5000,0,0,0,0.0,0.0,0.0,0.0
G-670,100,G-670:c0017,chain,4,5000,5000,5000,0,0,0,0.0,0.0,0.0,0.0
G-670,100,G-670:c0018,chain,3,5000,5000,5000,0,0,0,0.0,0.0,0.0,0.0
G-670,100,G-670:c0019,chain,4,5000,5000,5000,0,0,0,0.0,0.0,0.0,0.0
G-670,100,G-670:c0020,chain,3,5000,5000,5000,0,0,0,0.0,0.0,0.0,0.0
G-670,100,G-670:c0021,chain,3,5000,5000,5000,0,0,0,0.0,0.0,0.0,0.0
G-670,100,G-670:c0022,chain,2,5000,5000,5000,5000,5000,5000,1.0,1.0,1.0,0.0
G-670,100,G-670:c0023,chain,3,5000,5000,5000,0,0,0,0.0,0.0,0.0,0.0
G-670,100,G-670:c0024,chain,4,5000,5000,5000,0,0,0,0.0,0.0,0.0,0.0
G-670,100,G-670:c0025,chain,4,5000,5000,5000,0,0,0,0.0,0.0,0.0,0.0
G-670,100,G-670:c0026,chain,4,5000,5000,5000,0,0,0,0.0,0.0,0.0,0.0
G-670,100,G-670:c0027,chain,2,5000,5000,5000,0,0,0,0.0,0.0,0.0,0.0
G-670,100,G-670:c0028,chain,3,5000,5000,5000,0,0,0,0.0,0.0,0.0,0.0
G-670,100,G-670:c0029,chain,4,5000,5000,5000,0,0,0,0.0,0.0,0.0,0.0
G-670,100,G-670:c0030,chain,1,5000,5000,5000,0,0,0,0.0,0.0,0.0,0.0
G-670,100,G-670:c0031,chain,2,5000,5000,5000,0,0,0,0.0,0.0,0.0,0.0
G-670,100,G-670:c0032,chain,3,5000,5000,5000,0,0,0,0.0,0.0,0.0,0.0
G-670,100,G-670:c0033,chain,1,5000,5000,5000,0,0,0,0.0,0.0,0.0,0.0
G-670,100,G-670:c0034,chain,2,5000,5000,5000,0,0,0,0.0,0.0,0.0,0.0
G-670,100,G-670:c0035,chain,1,5000,5000,5000,0,0,0,0.0,0.0,0.0,0.0
G-670,100,G-670:c0036,chain,2,5000,5000,5000,5000,5000,5000,1.0,1.0,1.0,0.0
G-670,500,G-670:c0000,cycle,2,5000,5000,5000,5000,5000,5000,1.0,1.0,1.0,0.0
G-670,500,G-670:c0001,cycle,3,5000,5000,5000,0,0,0,0.0,0.0,0.0,0.0
G-670,500,G-670:c0002,cycle,3,5000,5000,5000,0,0,0,0.0,0.0,0.0,0.0
G-670,500,G-670:c0003,cycle,2,5000,5000,5000,0,0,0,0.0,0.0,0.0,0.0
G-670,500,G-670:c0004,chain,1,5000,5000,5000,0,0,0,0.0,0.0,0.0,0.0
G-670,500,G-670:c0005,chain,2,5000,5000,5000,0,0,0,0.0,0.0,0.0,0.0
G-670,500,G-670:c0006,chain,3,5000,5000,5000,0,0,0,0.0,0.0,0.0,0.0
G-670,500,G-670:c0007,chain,4,5000,5000,5000,0,0,0,0.0,0.0,0.0,0.0
G-670,500,G-670:c0008,chain,4,5000,5000,5000,0,0,0,0.0,0.0,0.0,0.0
G-670,500,G-670:c0009,chain,4,5000,5000,5000,0,0,0,0.0,0.0,0.0,0.0
G-670,500,G-670:c0010,chain,3,5000,5000,5000,0,0,0,0.0,0.0,0.0,0.0
G-670,500,G-670:c0011,chain,4,5000,5000,5000,0,0,0,0.0,0.0,0.0,0.0
G-670,500,G-670:c0012,chain,3,5000,5000,5000,0,0,0,0.0,0.0,0.0,0.0
G-670,500,G-670:c0013,chain,4,5000,5000,5000,0,0,0,0.0,0.0,0.0,0.0
G-670,500,G-670:c0014,chain,2,5000,5000,5000,0,0,0,0.0,0.0,0.0,0.0
G-670,500,G-670:c0015,chain,3,5000,5000,5000,0,0,0,0.0,0.0,0.0,0.0
G-670,500,G-670:c0016,chain,4,5000,5000,5000,0,0,0,0.0,0.0,0.0,0.0
G-670,500,G-670:c0017,chain,4,5000,5000,5000,0,0,0,0.0,0.0,0.0,0.0
G-670,500,G-670:c0018,chain,3,5000,5000,5000,0,0,0,0.0,0.0,0.0,0.0
G-670,500,G-670:c0019,chain,4,5000,5000,5000,0,0,0,0.0,0.0,0.0,0.0
G-670,500,G-670:c0020,chain,3,5000,5000,5000,0,0,0,0.0,0.0,0.0,0.0
G-670,500,G-670:c0021,chain,3,5000,5000,5000,0,0,0,0.0,0.0,0.0,0.0
G-670,500,G-670:c0022,chain,2,5000,5000,5000,5000,5000,5000,1.0,1.0,1.0,0.0
G-670,500,G-670:c0023,chain,3,5000,5000,5000,0,0,0,0.0,0.0,0.0,0.0
G-670,500,G-670:c0024,chain,4,5000,5000,5000,0,0,0,0.0,0.0,0.0,0.0
G-670,500,G-670:c0025,chain,4,5000,5000,5000,0,0,0,0.0,0.0,0.0,0.0
G-670,500,G-670:c0026,chain,4,5000,5000,5000,0,0,0,0.0,0.0,0.0,0.0
G-670,500,G-670:c0027,chain,2,5000,5000,5000,0,0,0,0.0,0.0,0.0,0.0
G-670,500,G-670:c0028,chain,3,5000,5000,5000,0,0,0,0.0,0.0,0.0,0.0
G-670,500,G-670:c0029,chain,4,5000,5000,5000,0,0,0,0.0,0.0,0.0,0.0
G-670,500,G-670:c0030,chain,1,5000,5000,5000,0,0,0,0.0,0.0,0.0,0.0
G-670,500,G-670:c0031,chain,2,5000,5000,5000,0,0,0,0.0,0.0,0.0,0.0
G-670,500,G-670:c0032,chain,3,5000,5000,5000,0,0,0,0.0,0.0,0.0,0.0
G-670,500,G-670:c0033,chain,1,5000,5000,5000,0,0,0,0.0,0.0,0.0,0.0
G-670,500,G-670:c0034,chain,2,5000,5000,5000,0,0,0,0.0,0.0,0.0,0.0
G-670,500,G-670:c0035,chain,1,5000,5000,5000,0,0,0,0.0,0.0,0.0,0.0
G-670,500,G-670:c0036,chain,2,5000,5000,5000,5000,5000,5000,1.0,1.0,1.0,0.0
G-670,50,G-670:c0000,cycle,2,5000,5000,5000,5000,5000,5000,1.0,1.0,1.0,0.0
G-670,50,G-670:c0001,cycle,3,5000,5000,5000,0,0,0,0.0,0.0,0.0,0.0
G-670,50,G-670:c0002,cycle,3,5000,5000,5000,0,0,0,0.0,0.0,0.0,0.0
G-670,50,G-670:c0003,cycle,2,5000,5000,5000,0,0,0,0.0,0.0,0.0,0.0
G-670,50,G-670:c0004,chain,1,5000,5000,5000,0,0,0,0.0,0.0,0.0,0.0
G-670,50,G-670:c0005,chain,2,5000,5000,5000,0,0,0,0.0,0.0,0.0,0.0
G-670,50,G-670:c0006,chain,3,5000,5000,5000,0,0,0,0.0,0.0,0.0,0.0
G-670,50,G-670:c0007,chain,4,5000,5000,5000,0,0,0,0.0,0.0,0.0,0.0
G-670,50,G-670:c0008,chain,4,5000,5000,5000,0,0,0,0.0,0.0,0.0,0.0
G-670,50,G-670:c0009,chain,4,5000,5000,5000,0,0,0,0.0,0.0,0.0,0.0
G-670,50,G-670:c0010,chain,3,5000,5000,5000,0,0,0,0.0,0.0,0.0,0.0
G-670,50,G-670:c0011,chain,4,5000,5000,5000,0,0,0,0.0,0.0,0.0,0.0
G-670,50,G-670:c0012,chain,3,5000,5000,5000,0,0,0,0.0,0.0,0.0,0.0
G-670,50,G-670:c0013,chain,4,5000,5000,5000,0,0,0,0.0,0.0,0.0,0.0
G-670,50,G-670:c0014,chain,2,5000,5000,5000,0,0,0,0.0,0.0,0.0,0.0
G-670,50,G-670:c0015,chain,3,5000,5000,5000,0,0,0,0.0,0.0,0.0,0.0
G-670,50,G-670:c0016,chain,4,5000,5000,5000,0,0,0,0.0,0.0,0.0,0.0
G-670,50,G-670:c0017,chain,4,5000,5000,5000,0,0,0,0.0,0.0,0.0,0.0
G-670,50,G-670:c0018,chain,3,5000,5000,5000,0,0,0,0.0,0.0,0.0,0.0
G-670,50,G-670:c0019,chain,4,5000,5000,5000,0,0,0,0.0,0.0,0.0,0.0
G-670,50,G-670:c0020,chain,3,5000,5000,5000,0,0,0,0.0,0.0,0.0,0.0
G-670,50,G-670:c0021,chain,3,5000,5000,5000,0,0,0,0.0,0.0,0.0,0.0
G-670,50,G-670:c0022,chain,2,5000,5000,5000,5000,5000,5000,1.0,1.0,1.0,0.0
G-670,50,G-670:c0023,chain,3,5000,5000,5000,0,0,0,0.0,0.0,0.0,0.0
G-670,50,G-670:c0024,chain,4,5000,5000,5000,0,0,0,0.0,0.0,0.0,0.0
G-670,50,G-670:c0025,chain,4,5000,5000,5000,0,0,0,0.0,0.0,0.0,0.0
G-670,50,G-670:c0026,chain,4,5000,5000,5000,0,0,0,0.0,0.0,0.0,0.0
G-670,50,G-670:c0027,chain,2,5000,5000,5000,0,0,0,0.0,0.0,0.0,0.0
G-670,50,G-670:c0028,chain,3,5000,5000,5000,0,0,0,0.0,0.0,0.0,0.0
G-670,50,G-670:c0029,chain,4,5000,5000,5000,0,0,0,0.0,0.0,0.0,0.0
G-670,50,G-670:c0030,chain,1,5000,5000,5000,0,0,0,0.0,0.0,0.0,0.0
G-670,50,G-670:c0031,chain,2,5000,5000,5000,0,0,0,0.0,0.0,0.0,0.0
G-670,50,G-670:c0032,chain,3,5000,5000,5000,0,0,0,0.0,0.0,0.0,0.0
G-670,50,G-670:c0033,chain,1,5000,5000,5000,0,0,0,0.0,0.0,0.0,0.0
G-670,50,G-670:c0034,chain,2,5000,5000,5000,0,0,0,0.0,0.0,0.0,0.0
G-670,50,G-670:c0035,chain,1,5000,5000,5000,0,0,0,0.0,0.0,0.0,0.0
G-670,50,G-670:c0036,chain,2,5000,5000,5000,5000,5000,5000,1.0,1.0,1.0,0.0
G-784,100,G-784:c0000,cycle,3,5000,5000,5000,0,0,0,0.0,0.0,0.0,0.0
G-784,100,G-784:c0001,cycle,2,5000,5000,5000,0,0,0,0.0,0.0,0.0,0.0
G-784,100,G-784:c0002,cycle,3,5000,5000,5000,3350,5000,4946,0.67,1.0,0.9892,-0.010800000000000032
G-784,100,G-784:c0003,cycle,2,5000,5000,5000,1290,0,0,0.258,0.0,0.0,0.0
G-784,100,G-784:c0004,cycle,2,5000,5000,5000,0,0,0,0.0,0.0,0.0,0.0
G-784,100,G-784:c0005,cycle,3,5000,5000,5000,0,0,0,0.0,0.0,0.0,0.0
G-784,100,G-784:c0006,cycle,3,5000,5000,5000,0,0,0,0.0,0.0,0.0,0.0
G-784,100,G-784:c0007,cycle,3,5000,5000,5000,5,0,0,0.001,0.0,0.0,0.0
G-784,100,G-784:c0008,cycle,2,5000,5000,5000,0,0,0,0.0,0.0,0.0,0.0
G-784,100,G-784:c0009,cycle,2,5000,5000,5000,0,0,0,0.0,0.0,0.0,0.0
G-784,100,G-784:c0010,cycle,3,5000,5000,5000,30,15,0,0.006,0.003,0.0,-0.003
G-784,100,G-784:c0011,cycle,2,5000,5000,5000,3695,4985,5000,0.739,0.997,1.0,0.0030000000000000027
G-784,100,G-784:c0012,chain,1,5000,5000,5000,10,0,0,0.002,0.0,0.0,0.0
G-784,100,G-784:c0013,chain,2,5000,5000,5000,0,0,0,0.0,0.0,0.0,0.0
G-784,100,G-784:c0014,chain,3,5000,5000,5000,0,0,0,0.0,0.0,0.0,0.0
G-784,100,G-784:c0015,chain,4,5000,5000,5000,0,0,0,0.0,0.0,0.0,0.0
G-784,100,G-784:c0016,chain,4,5000,5000,5000,5,0,0,0.001,0.0,0.0,0.0
G-784,100,G-784:c0017,chain,3,5000,5000,5000,20,0,0,0.004,0.0,0.0,0.0
G-784,100,G-784:c0018,chain,3,5000,5000,5000,0,0,0,0.0,0.0,0.0,0.0
G-784,100,G-784:c0019,chain,4,5000,5000,5000,0,0,0,0.0,0.0,0.0,0.0
G-784,100,G-784:c0020,chain,4,5000,5000,5000,0,0,0,0.0,0.0,0.0,0.0
G-784,100,G-784:c0021,chain,3,5000,5000,5000,5,0,0,0.001,0.0,0.0,0.0
G-784,100,G-784:c0022,chain,4,5000,5000,5000,315,0,54,0.063,0.0,0.0108,0.0108
G-784,100,G-784:c0023,chain,3,5000,5000,5000,0,0,0,0.0,0.0,0.0,0.0
G-784,100,G-784:c0024,chain,4,5000,5000,5000,0,0,0,0.0,0.0,0.0,0.0
G-784,100,G-784:c0025,chain,1,5000,5000,5000,150,15,0,0.03,0.003,0.0,-0.003
G-784,100,G-784:c0026,chain,2,5000,5000,5000,50,4931,1,0.01,0.9862,0.0002,-0.986
G-784,100,G-784:c0027,chain,1,5000,5000,5000,3180,54,4945,0.636,0.0108,0.989,0.9782
G-784,100,G-784:c0028,chain,2,5000,5000,5000,0,0,0,0.0,0.0,0.0,0.0
G-784,100,G-784:c0029,chain,3,5000,5000,5000,0,0,0,0.0,0.0,0.0,0.0
G-784,100,G-784:c0030,chain,4,5000,5000,5000,0,0,0,0.0,0.0,0.0,0.0
G-784,100,G-784:c0031,chain,4,5000,5000,5000,0,0,0,0.0,0.0,0.0,0.0
G-784,100,G-784:c0032,chain,3,5000,5000,5000,0,0,0,0.0,0.0,0.0,0.0
G-784,100,G-784:c0033,chain,4,5000,5000,5000,0,0,0,0.0,0.0,0.0,0.0
G-784,100,G-784:c0034,chain,3,5000,5000,5000,0,0,0,0.0,0.0,0.0,0.0
G-784,100,G-784:c0035,chain,3,5000,5000,5000,0,0,0,0.0,0.0,0.0,0.0
G-784,100,G-784:c0036,chain,4,5000,5000,5000,0,0,0,0.0,0.0,0.0,0.0
G-784,100,G-784:c0037,chain,3,5000,5000,5000,10,0,0,0.002,0.0,0.0,0.0
G-784,100,G-784:c0038,chain,2,5000,5000,5000,0,0,0,0.0,0.0,0.0,0.0
G-784,100,G-784:c0039,chain,3,5000,5000,5000,0,0,0,0.0,0.0,0.0,0.0
G-784,100,G-784:c0040,chain,4,5000,5000,5000,1250,0,0,0.25,0.0,0.0,0.0
G-784,100,G-784:c0041,chain,4,5000,5000,5000,5,0,0,0.001,0.0,0.0,0.0
G-784,100,G-784:c0042,chain,1,5000,5000,5000,4950,69,4999,0.99,0.0138,0.9998,0.986
G-784,100,G-784:c0043,chain,1,5000,5000,5000,30,4931,1,0.006,0.9862,0.0002,-0.986
G-784,100,G-784:c0044,chain,2,5000,5000,5000,0,0,0,0.0,0.0,0.0,0.0
G-784,100,G-784:c0045,chain,3,5000,5000,5000,0,0,0,0.0,0.0,0.0,0.0
G-784,100,G-784:c0046,chain,4,5000,5000,5000,0,0,0,0.0,0.0,0.0,0.0
G-784,100,G-784:c0047,chain,4,5000,5000,5000,0,0,0,0.0,0.0,0.0,0.0
G-784,100,G-784:c0048,chain,3,5000,5000,5000,0,0,0,0.0,0.0,0.0,0.0
G-784,100,G-784:c0049,chain,4,5000,5000,5000,0,0,0,0.0,0.0,0.0,0.0
G-784,100,G-784:c0050,chain,3,5000,5000,5000,0,0,0,0.0,0.0,0.0,0.0
G-784,100,G-784:c0051,chain,3,5000,5000,5000,0,0,0,0.0,0.0,0.0,0.0
G-784,100,G-784:c0052,chain,4,5000,5000,5000,0,0,0,0.0,0.0,0.0,0.0
G-784,100,G-784:c0053,chain,3,5000,5000,5000,0,0,0,0.0,0.0,0.0,0.0
G-784,100,G-784:c0054,chain,2,5000,5000,5000,0,0,0,0.0,0.0,0.0,0.0
G-784,100,G-784:c0055,chain,3,5000,5000,5000,0,0,0,0.0,0.0,0.0,0.0
G-784,100,G-784:c0056,chain,4,5000,5000,5000,20,0,0,0.004,0.0,0.0,0.0
G-784,100,G-784:c0057,chain,4,5000,5000,5000,0,0,0,0.0,0.0,0.0,0.0
G-784,500,G-784:c0000,cycle,3,5000,5000,5000,0,0,0,0.0,0.0,0.0,0.0
G-784,500,G-784:c0001,cycle,2,5000,5000,5000,0,0,0,0.0,0.0,0.0,0.0
G-784,500,G-784:c0002,cycle,3,5000,5000,5000,3350,5000,4989,0.67,1.0,0.9978,-0.0021999999999999797
G-784,500,G-784:c0003,cycle,2,5000,5000,5000,1290,0,0,0.258,0.0,0.0,0.0
G-784,500,G-784:c0004,cycle,2,5000,5000,5000,0,0,0,0.0,0.0,0.0,0.0
G-784,500,G-784:c0005,cycle,3,5000,5000,5000,0,0,0,0.0,0.0,0.0,0.0
G-784,500,G-784:c0006,cycle,3,5000,5000,5000,0,0,0,0.0,0.0,0.0,0.0
G-784,500,G-784:c0007,cycle,3,5000,5000,5000,5,0,0,0.001,0.0,0.0,0.0
G-784,500,G-784:c0008,cycle,2,5000,5000,5000,0,0,0,0.0,0.0,0.0,0.0
G-784,500,G-784:c0009,cycle,2,5000,5000,5000,0,0,0,0.0,0.0,0.0,0.0
G-784,500,G-784:c0010,cycle,3,5000,5000,5000,30,15,0,0.006,0.003,0.0,-0.003
G-784,500,G-784:c0011,cycle,2,5000,5000,5000,3695,4985,5000,0.739,0.997,1.0,0.0030000000000000027
G-784,500,G-784:c0012,chain,1,5000,5000,5000,10,0,0,0.002,0.0,0.0,0.0
G-784,500,G-784:c0013,chain,2,5000,5000,5000,0,0,0,0.0,0.0,0.0,0.0
G-784,500,G-784:c0014,chain,3,5000,5000,5000,0,0,0,0.0,0.0,0.0,0.0
G-784,500,G-784:c0015,chain,4,5000,5000,5000,0,0,0,0.0,0.0,0.0,0.0
G-784,500,G-784:c0016,chain,4,5000,5000,5000,5,0,0,0.001,0.0,0.0,0.0
G-784,500,G-784:c0017,chain,3,5000,5000,5000,20,0,0,0.004,0.0,0.0,0.0
G-784,500,G-784:c0018,chain,3,5000,5000,5000,0,0,0,0.0,0.0,0.0,0.0
G-784,500,G-784:c0019,chain,4,5000,5000,5000,0,0,0,0.0,0.0,0.0,0.0
G-784,500,G-784:c0020,chain,4,5000,5000,5000,0,0,0,0.0,0.0,0.0,0.0
G-784,500,G-784:c0021,chain,3,5000,5000,5000,5,0,0,0.001,0.0,0.0,0.0
G-784,500,G-784:c0022,chain,4,5000,5000,5000,315,0,11,0.063,0.0,0.0022,0.0022
G-784,500,G-784:c0023,chain,3,5000,5000,5000,0,0,0,0.0,0.0,0.0,0.0
G-784,500,G-784:c0024,chain,4,5000,5000,5000,0,0,0,0.0,0.0,0.0,0.0
G-784,500,G-784:c0025,chain,1,5000,5000,5000,150,15,0,0.03,0.003,0.0,-0.003
G-784,500,G-784:c0026,chain,2,5000,5000,5000,50,4945,0,0.01,0.989,0.0,-0.989
G-784,500,G-784:c0027,chain,1,5000,5000,5000,3180,40,4989,0.636,0.008,0.9978,0.9898
G-784,500,G-784:c0028,chain,2,5000,5000,5000,0,0,0,0.0,0.0,0.0,0.0
G-784,500,G-784:c0029,chain,3,5000,5000,5000,0,0,0,0.0,0.0,0.0,0.0
G-784,500,G-784:c0030,chain,4,5000,5000,5000,0,0,0,0.0,0.0,0.0,0.0
G-784,500,G-784:c0031,chain,4,5000,5000,5000,0,0,0,0.0,0.0,0.0,0.0
G-784,500,G-784:c0032,chain,3,5000,5000,5000,0,0,0,0.0,0.0,0.0,0.0
G-784,500,G-784:c0033,chain,4,5000,5000,5000,0,0,0,0.0,0.0,0.0,0.0
G-784,500,G-784:c0034,chain,3,5000,5000,5000,0,0,0,0.0,0.0,0.0,0.0
G-784,500,G-784:c0035,chain,3,5000,5000,5000,0,0,0,0.0,0.0,0.0,0.0
G-784,500,G-784:c0036,chain,4,5000,5000,5000,0,0,0,0.0,0.0,0.0,0.0
G-784,500,G-784:c0037,chain,3,5000,5000,5000,10,0,0,0.002,0.0,0.0,0.0
G-784,500,G-784:c0038,chain,2,5000,5000,5000,0,0,0,0.0,0.0,0.0,0.0
G-784,500,G-784:c0039,chain,3,5000,5000,5000,0,0,0,0.0,0.0,0.0,0.0
G-784,500,G-784:c0040,chain,4,5000,5000,5000,1250,0,0,0.25,0.0,0.0,0.0
G-784,500,G-784:c0041,chain,4,5000,5000,5000,5,0,0,0.001,0.0,0.0,0.0
G-784,500,G-784:c0042,chain,1,5000,5000,5000,4950,55,5000,0.99,0.011,1.0,0.989
G-784,500,G-784:c0043,chain,1,5000,5000,5000,30,4945,0,0.006,0.989,0.0,-0.989
G-784,500,G-784:c0044,chain,2,5000,5000,5000,0,0,0,0.0,0.0,0.0,0.0
G-784,500,G-784:c0045,chain,3,5000,5000,5000,0,0,0,0.0,0.0,0.0,0.0
G-784,500,G-784:c0046,chain,4,5000,5000,5000,0,0,0,0.0,0.0,0.0,0.0
G-784,500,G-784:c0047,chain,4,5000,5000,5000,0,0,0,0.0,0.0,0.0,0.0
G-784,500,G-784:c0048,chain,3,5000,5000,5000,0,0,0,0.0,0.0,0.0,0.0
G-784,500,G-784:c0049,chain,4,5000,5000,5000,0,0,0,0.0,0.0,0.0,0.0
G-784,500,G-784:c0050,chain,3,5000,5000,5000,0,0,0,0.0,0.0,0.0,0.0
G-784,500,G-784:c0051,chain,3,5000,5000,5000,0,0,0,0.0,0.0,0.0,0.0
G-784,500,G-784:c0052,chain,4,5000,5000,5000,0,0,0,0.0,0.0,0.0,0.0
G-784,500,G-784:c0053,chain,3,5000,5000,5000,0,0,0,0.0,0.0,0.0,0.0
G-784,500,G-784:c0054,chain,2,5000,5000,5000,0,0,0,0.0,0.0,0.0,0.0
G-784,500,G-784:c0055,chain,3,5000,5000,5000,0,0,0,0.0,0.0,0.0,0.0
G-784,500,G-784:c0056,chain,4,5000,5000,5000,20,0,0,0.004,0.0,0.0,0.0
G-784,500,G-784:c0057,chain,4,5000,5000,5000,0,0,0,0.0,0.0,0.0,0.0
G-784,50,G-784:c0000,cycle,3,5000,5000,5000,0,0,0,0.0,0.0,0.0,0.0
G-784,50,G-784:c0001,cycle,2,5000,5000,5000,0,0,0,0.0,0.0,0.0,0.0
G-784,50,G-784:c0002,cycle,3,5000,5000,5000,3350,5000,4967,0.67,1.0,0.9934,-0.00660000000000005
G-784,50,G-784:c0003,cycle,2,5000,5000,5000,1290,0,0,0.258,0.0,0.0,0.0
G-784,50,G-784:c0004,cycle,2,5000,5000,5000,0,0,0,0.0,0.0,0.0,0.0
G-784,50,G-784:c0005,cycle,3,5000,5000,5000,0,0,0,0.0,0.0,0.0,0.0
G-784,50,G-784:c0006,cycle,3,5000,5000,5000,0,0,0,0.0,0.0,0.0,0.0
G-784,50,G-784:c0007,cycle,3,5000,5000,5000,5,0,0,0.001,0.0,0.0,0.0
G-784,50,G-784:c0008,cycle,2,5000,5000,5000,0,0,0,0.0,0.0,0.0,0.0
G-784,50,G-784:c0009,cycle,2,5000,5000,5000,0,0,0,0.0,0.0,0.0,0.0
G-784,50,G-784:c0010,cycle,3,5000,5000,5000,30,15,0,0.006,0.003,0.0,-0.003
G-784,50,G-784:c0011,cycle,2,5000,5000,5000,3695,4985,5000,0.739,0.997,1.0,0.0030000000000000027
G-784,50,G-784:c0012,chain,1,5000,5000,5000,10,0,0,0.002,0.0,0.0,0.0
G-784,50,G-784:c0013,chain,2,5000,5000,5000,0,0,0,0.0,0.0,0.0,0.0
G-784,50,G-784:c0014,chain,3,5000,5000,5000,0,0,0,0.0,0.0,0.0,0.0
G-784,50,G-784:c0015,chain,4,5000,5000,5000,0,0,0,0.0,0.0,0.0,0.0
G-784,50,G-784:c0016,chain,4,5000,5000,5000,5,0,0,0.001,0.0,0.0,0.0
G-784,50,G-784:c0017,chain,3,5000,5000,5000,20,0,0,0.004,0.0,0.0,0.0
G-784,50,G-784:c0018,chain,3,5000,5000,5000,0,0,0,0.0,0.0,0.0,0.0
G-784,50,G-784:c0019,chain,4,5000,5000,5000,0,0,0,0.0,0.0,0.0,0.0
G-784,50,G-784:c0020,chain,4,5000,5000,5000,0,0,0,0.0,0.0,0.0,0.0
G-784,50,G-784:c0021,chain,3,5000,5000,5000,5,0,0,0.001,0.0,0.0,0.0
G-784,50,G-784:c0022,chain,4,5000,5000,5000,315,0,33,0.063,0.0,0.0066,0.0066
G-784,50,G-784:c0023,chain,3,5000,5000,5000,0,0,0,0.0,0.0,0.0,0.0
G-784,50,G-784:c0024,chain,4,5000,5000,5000,0,0,0,0.0,0.0,0.0,0.0
G-784,50,G-784:c0025,chain,1,5000,5000,5000,150,15,0,0.03,0.003,0.0,-0.003
G-784,50,G-784:c0026,chain,2,5000,5000,5000,50,4941,1,0.01,0.9882,0.0002,-0.988
G-784,50,G-784:c0027,chain,1,5000,5000,5000,3180,44,4966,0.636,0.0088,0.9932,0.9843999999999999
G-784,50,G-784:c0028,chain,2,5000,5000,5000,0,0,0,0.0,0.0,0.0,0.0
G-784,50,G-784:c0029,chain,3,5000,5000,5000,0,0,0,0.0,0.0,0.0,0.0
G-784,50,G-784:c0030,chain,4,5000,5000,5000,0,0,0,0.0,0.0,0.0,0.0
G-784,50,G-784:c0031,chain,4,5000,5000,5000,0,0,0,0.0,0.0,0.0,0.0
G-784,50,G-784:c0032,chain,3,5000,5000,5000,0,0,0,0.0,0.0,0.0,0.0
G-784,50,G-784:c0033,chain,4,5000,5000,5000,0,0,0,0.0,0.0,0.0,0.0
G-784,50,G-784:c0034,chain,3,5000,5000,5000,0,0,0,0.0,0.0,0.0,0.0
G-784,50,G-784:c0035,chain,3,5000,5000,5000,0,0,0,0.0,0.0,0.0,0.0
G-784,50,G-784:c0036,chain,4,5000,5000,5000,0,0,0,0.0,0.0,0.0,0.0
G-784,50,G-784:c0037,chain,3,5000,5000,5000,10,0,0,0.002,0.0,0.0,0.0
G-784,50,G-784:c0038,chain,2,5000,5000,5000,0,0,0,0.0,0.0,0.0,0.0
G-784,50,G-784:c0039,chain,3,5000,5000,5000,0,0,0,0.0,0.0,0.0,0.0
G-784,50,G-784:c0040,chain,4,5000,5000,5000,1250,0,0,0.25,0.0,0.0,0.0
G-784,50,G-784:c0041,chain,4,5000,5000,5000,5,0,0,0.001,0.0,0.0,0.0
G-784,50,G-784:c0042,chain,1,5000,5000,5000,4950,59,4999,0.99,0.0118,0.9998,0.988
G-784,50,G-784:c0043,chain,1,5000,5000,5000,30,4941,1,0.006,0.9882,0.0002,-0.988
G-784,50,G-784:c0044,chain,2,5000,5000,5000,0,0,0,0.0,0.0,0.0,0.0
G-784,50,G-784:c0045,chain,3,5000,5000,5000,0,0,0,0.0,0.0,0.0,0.0
G-784,50,G-784:c0046,chain,4,5000,5000,5000,0,0,0,0.0,0.0,0.0,0.0
G-784,50,G-784:c0047,chain,4,5000,5000,5000,0,0,0,0.0,0.0,0.0,0.0
G-784,50,G-784:c0048,chain,3,5000,5000,5000,0,0,0,0.0,0.0,0.0,0.0
G-784,50,G-784:c0049,chain,4,5000,5000,5000,0,0,0,0.0,0.0,0.0,0.0
G-784,50,G-784:c0050,chain,3,5000,5000,5000,0,0,0,0.0,0.0,0.0,0.0
G-784,50,G-784:c0051,chain,3,5000,5000,5000,0,0,0,0.0,0.0,0.0,0.0
G-784,50,G-784:c0052,chain,4,5000,5000,5000,0,0,0,0.0,0.0,0.0,0.0
G-784,50,G-784:c0053,chain,3,5000,5000,5000,0,0,0,0.0,0.0,0.0,0.0
G-784,50,G-784:c0054,chain,2,5000,5000,5000,0,0,0,0.0,0.0,0.0,0.0
G-784,50,G-784:c0055,chain,3,5000,5000,5000,0,0,0,0.0,0.0,0.0,0.0
G-784,50,G-784:c0056,chain,4,5000,5000,5000,20,0,0,0.004,0.0,0.0,0.0
G-784,50,G-784:c0057,chain,4,5000,5000,5000,0,0,0,0.0,0.0,0.0,0.0
G-79,100,G-79:c0000,cycle,3,5000,5000,5000,10,0,0,0.002,0.0,0.0,0.0
G-79,100,G-79:c0001,cycle,2,5000,5000,5000,3380,2337,307,0.676,0.4674,0.0614,-0.40599999999999997
G-79,100,G-79:c0002,chain,1,5000,5000,5000,0,0,0,0.0,0.0,0.0,0.0
G-79,100,G-79:c0003,chain,2,5000,5000,5000,0,0,0,0.0,0.0,0.0,0.0
G-79,100,G-79:c0004,chain,3,5000,5000,5000,715,2663,4693,0.143,0.5326,0.9386,0.406
G-79,100,G-79:c0005,chain,3,5000,5000,5000,455,0,0,0.091,0.0,0.0,0.0
G-79,100,G-79:c0006,chain,2,5000,5000,5000,205,0,0,0.041,0.0,0.0,0.0
G-79,100,G-79:c0007,chain,2,5000,5000,5000,170,0,0,0.034,0.0,0.0,0.0
G-79,100,G-79:c0008,chain,1,5000,5000,5000,0,0,0,0.0,0.0,0.0,0.0
G-79,100,G-79:c0009,chain,2,5000,5000,5000,0,0,0,0.0,0.0,0.0,0.0
G-79,100,G-79:c0010,chain,3,5000,5000,5000,0,0,0,0.0,0.0,0.0,0.0
G-79,100,G-79:c0011,chain,3,5000,5000,5000,0,0,0,0.0,0.0,0.0,0.0
G-79,100,G-79:c0012,chain,2,5000,5000,5000,0,0,0,0.0,0.0,0.0,0.0
G-79,100,G-79:c0013,chain,2,5000,5000,5000,0,0,0,0.0,0.0,0.0,0.0
G-79,100,G-79:c0014,chain,1,5000,5000,5000,0,0,0,0.0,0.0,0.0,0.0
G-79,100,G-79:c0015,chain,2,5000,5000,5000,1270,2337,307,0.254,0.4674,0.0614,-0.40599999999999997
G-79,100,G-79:c0016,chain,3,5000,5000,5000,0,0,0,0.0,0.0,0.0,0.0
G-79,100,G-79:c0017,chain,4,5000,5000,5000,0,0,0,0.0,0.0,0.0,0.0
G-79,100,G-79:c0018,chain,4,5000,5000,5000,0,0,0,0.0,0.0,0.0,0.0
G-79,100,G-79:c0019,chain,2,5000,5000,5000,545,0,0,0.109,0.0,0.0,0.0
G-79,100,G-79:c0020,chain,1,5000,5000,5000,3120,2663,4693,0.624,0.5326,0.9386,0.406
G-79,100,G-79:c0021,chain,2,5000,5000,5000,0,0,0,0.0,0.0,0.0,0.0
G-79,100,G-79:c0022,chain,3,5000,5000,5000,0,0,0,0.0,0.0,0.0,0.0
G-79,100,G-79:c0023,chain,4,5000,5000,5000,35,0,0,0.007,0.0,0.0,0.0
G-79,100,G-79:c0024,chain,4,5000,5000,5000,25,0,0,0.005,0.0,0.0,0.0
G-79,100,G-79:c0025,chain,3,5000,5000,5000,0,0,0,0.0,0.0,0.0,0.0
G-79,100,G-79:c0026,chain,3,5000,5000,5000,5,0,0,0.001,0.0,0.0,0.0
G-79,500,G-79:c0000,cycle,3,5000,5000,5000,10,0,0,0.002,0.0,0.0,0.0
G-79,500,G-79:c0001,cycle,2,5000,5000,5000,3380,2623,352,0.676,0.5246,0.0704,-0.45419999999999994
G-79,500,G-79:c0002,chain,1,5000,5000,5000,0,0,0,0.0,0.0,0.0,0.0
G-79,500,G-79:c0003,chain,2,5000,5000,5000,0,0,0,0.0,0.0,0.0,0.0
G-79,500,G-79:c0004,chain,3,5000,5000,5000,715,2377,4648,0.143,0.4754,0.9296,0.4542
G-79,500,G-79:c0005,chain,3,5000,5000,5000,455,0,0,0.091,0.0,0.0,0.0
G-79,500,G-79:c0006,chain,2,5000,5000,5000,205,0,0,0.041,0.0,0.0,0.0
G-79,500,G-79:c0007,chain,2,5000,5000,5000,170,0,0,0.034,0.0,0.0,0.0
G-79,500,G-79:c0008,chain,1,5000,5000,5000,0,0,0,0.0,0.0,0.0,0.0
G-79,500,G-79:c0009,chain,2,5000,5000,5000,0,0,0,0.0,0.0,0.0,0.0
G-79,500,G-79:c0010,chain,3,5000,5000,5000,0,0,0,0.0,0.0,0.0,0.0
G-79,500,G-79:c0011,chain,3,5000,5000,5000,0,0,0,0.0,0.0,0.0,0.0
G-79,500,G-79:c0012,chain,2,5000,5000,5000,0,0,0,0.0,0.0,0.0,0.0
G-79,500,G-79:c0013,chain,2,5000,5000,5000,0,0,0,0.0,0.0,0.0,0.0
G-79,500,G-79:c0014,chain,1,5000,5000,5000,0,0,0,0.0,0.0,0.0,0.0
G-79,500,G-79:c0015,chain,2,5000,5000,5000,1270,2623,352,0.254,0.5246,0.0704,-0.45419999999999994
G-79,500,G-79:c0016,chain,3,5000,5000,5000,0,0,0,0.0,0.0,0.0,0.0
G-79,500,G-79:c0017,chain,4,5000,5000,5000,0,0,0,0.0,0.0,0.0,0.0
G-79,500,G-79:c0018,chain,4,5000,5000,5000,0,0,0,0.0,0.0,0.0,0.0
G-79,500,G-79:c0019,chain,2,5000,5000,5000,545,0,0,0.109,0.0,0.0,0.0
G-79,500,G-79:c0020,chain,1,5000,5000,5000,3120,2377,4648,0.624,0.4754,0.9296,0.4542
G-79,500,G-79:c0021,chain,2,5000,5000,5000,0,0,0,0.0,0.0,0.0,0.0
G-79,500,G-79:c0022,chain,3,5000,5000,5000,0,0,0,0.0,0.0,0.0,0.0
G-79,500,G-79:c0023,chain,4,5000,5000,5000,35,0,0,0.007,0.0,0.0,0.0
G-79,500,G-79:c0024,chain,4,5000,5000,5000,25,0,0,0.005,0.0,0.0,0.0
G-79,500,G-79:c0025,chain,3,5000,5000,5000,0,0,0,0.0,0.0,0.0,0.0
G-79,500,G-79:c0026,chain,3,5000,5000,5000,5,0,0,0.001,0.0,0.0,0.0
G-79,50,G-79:c0000,cycle,3,5000,5000,5000,10,0,0,0.002,0.0,0.0,0.0
G-79,50,G-79:c0001,cycle,2,5000,5000,5000,3380,1985,694,0.676,0.397,0.1388,-0.2582
G-79,50,G-79:c0002,chain,1,5000,5000,5000,0,0,0,0.0,0.0,0.0,0.0
G-79,50,G-79:c0003,chain,2,5000,5000,5000,0,0,0,0.0,0.0,0.0,0.0
G-79,50,G-79:c0004,chain,3,5000,5000,5000,715,3015,4306,0.143,0.603,0.8612,0.2582
G-79,50,G-79:c0005,chain,3,5000,5000,5000,455,0,0,0.091,0.0,0.0,0.0
G-79,50,G-79:c0006,chain,2,5000,5000,5000,205,0,0,0.041,0.0,0.0,0.0
G-79,50,G-79:c0007,chain,2,5000,5000,5000,170,0,0,0.034,0.0,0.0,0.0
G-79,50,G-79:c0008,chain,1,5000,5000,5000,0,0,0,0.0,0.0,0.0,0.0
G-79,50,G-79:c0009,chain,2,5000,5000,5000,0,0,0,0.0,0.0,0.0,0.0
G-79,50,G-79:c0010,chain,3,5000,5000,5000,0,0,0,0.0,0.0,0.0,0.0
G-79,50,G-79:c0011,chain,3,5000,5000,5000,0,0,0,0.0,0.0,0.0,0.0
G-79,50,G-79:c0012,chain,2,5000,5000,5000,0,0,0,0.0,0.0,0.0,0.0
G-79,50,G-79:c0013,chain,2,5000,5000,5000,0,0,0,0.0,0.0,0.0,0.0
G-79,50,G-79:c0014,chain,1,5000,5000,5000,0,0,0,0.0,0.0,0.0,0.0
G-79,50,G-79:c0015,chain,2,5000,5000,5000,1270,1985,694,0.254,0.397,0.1388,-0.2582
G-79,50,G-79:c0016,chain,3,5000,5000,5000,0,0,0,0.0,0.0,0.0,0.0
G-79,50,G-79:c0017,chain,4,5000,5000,5000,0,0,0,0.0,0.0,0.0,0.0
G-79,50,G-79:c0018,chain,4,5000,5000,5000,0,0,0,0.0,0.0,0.0,0.0
G-79,50,G-79:c0019,chain,2,5000,5000,5000,545,0,0,0.109,0.0,0.0,0.0
G-79,50,G-79:c0020,chain,1,5000,5000,5000,3120,3015,4306,0.624,0.603,0.8612,0.2582
G-79,50,G-79:c0021,chain,2,5000,5000,5000,0,0,0,0.0,0.0,0.0,0.0
G-79,50,G-79:c0022,chain,3,5000,5000,5000,0,0,0,0.0,0.0,0.0,0.0
G-79,50,G-79:c0023,chain,4,5000,5000,5000,35,0,0,0.007,0.0,0.0,0.0
G-79,50,G-79:c0024,chain,4,5000,5000,5000,25,0,0,0.005,0.0,0.0,0.0
G-79,50,G-79:c0025,chain,3,5000,5000,5000,0,0,0,0.0,0.0,0.0,0.0
G-79,50,G-79:c0026,chain,3,5000,5000,5000,5,0,0,0.001,0.0,0.0,0.0
G-836,100,G-836:c0000,chain,1,5000,5000,5000,0,0,0,0.0,0.0,0.0,0.0
G-836,100,G-836:c0001,chain,1,5000,5000,5000,0,0,0,0.0,0.0,0.0,0.0
G-836,100,G-836:c0002,chain,2,5000,5000,5000,0,0,0,0.0,0.0,0.0,0.0
G-836,100,G-836:c0003,chain,1,5000,5000,5000,0,0,0,0.0,0.0,0.0,0.0
G-836,100,G-836:c0004,chain,1,5000,5000,5000,0,0,0,0.0,0.0,0.0,0.0
G-836,100,G-836:c0005,chain,1,5000,5000,5000,0,0,0,0.0,0.0,0.0,0.0
G-836,100,G-836:c0006,chain,1,5000,5000,5000,0,0,0,0.0,0.0,0.0,0.0
G-836,100,G-836:c0007,chain,2,5000,5000,5000,0,0,0,0.0,0.0,0.0,0.0
G-836,100,G-836:c0008,chain,2,5000,5000,5000,0,0,0,0.0,0.0,0.0,0.0
G-836,100,G-836:c0009,chain,2,5000,5000,5000,0,0,0,0.0,0.0,0.0,0.0
G-836,100,G-836:c0010,chain,3,5000,5000,5000,365,0,0,0.073,0.0,0.0,0.0
G-836,100,G-836:c0011,chain,3,5000,5000,5000,1645,5000,5000,0.329,1.0,1.0,0.0
G-836,100,G-836:c0012,chain,3,5000,5000,5000,0,0,0,0.0,0.0,0.0,0.0
G-836,100,G-836:c0013,chain,3,5000,5000,5000,0,0,0,0.0,0.0,0.0,0.0
G-836,100,G-836:c0014,chain,4,5000,5000,5000,0,0,0,0.0,0.0,0.0,0.0
G-836,100,G-836:c0015,chain,3,5000,5000,5000,0,0,0,0.0,0.0,0.0,0.0
G-836,100,G-836:c0016,chain,1,5000,5000,5000,315,0,0,0.063,0.0,0.0,0.0
G-836,100,G-836:c0017,chain,2,5000,5000,5000,2675,0,0,0.535,0.0,0.0,0.0
G-836,100,G-836:c0018,chain,1,5000,5000,5000,0,0,0,0.0,0.0,0.0,0.0
G-836,100,G-836:c0019,chain,1,5000,5000,5000,0,0,0,0.0,0.0,0.0,0.0
G-836,100,G-836:c0020,chain,2,5000,5000,5000,385,0,0,0.077,0.0,0.0,0.0
G-836,100,G-836:c0021,chain,2,5000,5000,5000,1730,0,0,0.346,0.0,0.0,0.0
G-836,100,G-836:c0022,chain,2,5000,5000,5000,0,0,0,0.0,0.0,0.0,0.0
G-836,100,G-836:c0023,chain,2,5000,5000,5000,0,0,0,0.0,0.0,0.0,0.0
G-836,100,G-836:c0024,chain,3,5000,5000,5000,0,0,0,0.0,0.0,0.0,0.0
G-836,100,G-836:c0025,chain,2,5000,5000,5000,0,0,0,0.0,0.0,0.0,0.0
G-836,100,G-836:c0026,chain,1,5000,5000,5000,0,0,0,0.0,0.0,0.0,0.0
G-836,100,G-836:c0027,chain,2,5000,5000,5000,0,0,0,0.0,0.0,0.0,0.0
G-836,100,G-836:c0028,chain,3,5000,5000,5000,0,0,0,0.0,0.0,0.0,0.0
G-836,100,G-836:c0029,chain,2,5000,5000,5000,180,0,0,0.036,0.0,0.0,0.0
G-836,100,G-836:c0030,chain,2,5000,5000,5000,250,0,0,0.05,0.0,0.0,0.0
G-836,100,G-836:c0031,chain,2,5000,5000,5000,10,0,0,0.002,0.0,0.0,0.0
G-836,100,G-836:c0032,chain,2,5000,5000,5000,0,0,0,0.0,0.0,0.0,0.0
G-836,100,G-836:c0033,chain,3,5000,5000,5000,0,0,0,0.0,0.0,0.0,0.0
G-836,100,G-836:c0034,chain,3,5000,5000,5000,0,0,0,0.0,0.0,0.0,0.0
G-836,100,G-836:c0035,chain,4,5000,5000,5000,25,2770,2806,0.005,0.554,0.5612,0.007199999999999984
G-836,100,G-836:c0036,chain,3,5000,5000,5000,0,0,0,0.0,0.0,0.0,0.0
G-836,100,G-836:c0037,chain,3,5000,5000,5000,2420,2230,2194,0.484,0.446,0.4388,-0.007199999999999984
G-836,100,G-836:c0038,chain,3,5000,5000,5000,0,0,0,0.0,0.0,0.0,0.0
G-836,500,G-836:c0000,chain,1,5000,5000,5000,0,0,0,0.0,0.0,0.0,0.0
G-836,500,G-836:c0001,chain,1,5000,5000,5000,0,0,0,0.0,0.0,0.0,0.0
G-836,500,G-836:c0002,chain,2,5000,5000,5000,0,0,0,0.0,0.0,0.0,0.0
G-836,500,G-836:c0003,chain,1,5000,5000,5000,0,0,0,0.0,0.0,0.0,0.0
G-836,500,G-836:c0004,chain,1,5000,5000,5000,0,0,0,0.0,0.0,0.0,0.0
G-836,500,G-836:c0005,chain,1,5000,5000,5000,0,0,0,0.0,0.0,0.0,0.0
G-836,500,G-836:c0006,chain,1,5000,5000,5000,0,0,0,0.0,0.0,0.0,0.0
G-836,500,G-836:c0007,chain,2,5000,5000,5000,0,0,0,0.0,0.0,0.0,0.0
G-836,500,G-836:c0008,chain,2,5000,5000,5000,0,0,0,0.0,0.0,0.0,0.0
G-836,500,G-836:c0009,chain,2,5000,5000,5000,0,0,0,0.0,0.0,0.0,0.0
G-836,500,G-836:c0010,chain,3,5000,5000,5000,365,0,0,0.073,0.0,0.0,0.0
G-836,500,G-836:c0011,chain,3,5000,5000,5000,1645,5000,5000,0.329,1.0,1.0,0.0
G-836,500,G-836:c0012,chain,3,5000,5000,5000,0,0,0,0.0,0.0,0.0,0.0
G-836,500,G-836:c0013,chain,3,5000,5000,5000,0,0,0,0.0,0.0,0.0,0.0
G-836,500,G-836:c0014,chain,4,5000,5000,5000,0,0,0,0.0,0.0,0.0,0.0
G-836,500,G-836:c0015,chain,3,5000,5000,5000,0,0,0,0.0,0.0,0.0,0.0
G-836,500,G-836:c0016,chain,1,5000,5000,5000,315,0,0,0.063,0.0,0.0,0.0
G-836,500,G-836:c0017,chain,2,5000,5000,5000,2675,0,0,0.535,0.0,0.0,0.0
G-836,500,G-836:c0018,chain,1,5000,5000,5000,0,0,0,0.0,0.0,0.0,0.0
G-836,500,G-836:c0019,chain,1,5000,5000,5000,0,0,0,0.0,0.0,0.0,0.0
G-836,500,G-836:c0020,chain,2,5000,5000,5000,385,0,0,0.077,0.0,0.0,0.0
G-836,500,G-836:c0021,chain,2,5000,5000,5000,1730,0,0,0.346,0.0,0.0,0.0
G-836,500,G-836:c0022,chain,2,5000,5000,5000,0,0,0,0.0,0.0,0.0,0.0
G-836,500,G-836:c0023,chain,2,5000,5000,5000,0,0,0,0.0,0.0,0.0,0.0
G-836,500,G-836:c0024,chain,3,5000,5000,5000,0,0,0,0.0,0.0,0.0,0.0
G-836,500,G-836:c0025,chain,2,5000,5000,5000,0,0,0,0.0,0.0,0.0,0.0
G-836,500,G-836:c0026,chain,1,5000,5000,5000,0,0,0,0.0,0.0,0.0,0.0
G-836,500,G-836:c0027,chain,2,5000,5000,5000,0,0,0,0.0,0.0,0.0,0.0
G-836,500,G-836:c0028,chain,3,5000,5000,5000,0,0,0,0.0,0.0,0.0,0.0
G-836,500,G-836:c0029,chain,2,5000,5000,5000,180,0,0,0.036,0.0,0.0,0.0
G-836,500,G-836:c0030,chain,2,5000,5000,5000,250,0,0,0.05,0.0,0.0,0.0
G-836,500,G-836:c0031,chain,2,5000,5000,5000,10,0,0,0.002,0.0,0.0,0.0
G-836,500,G-836:c0032,chain,2,5000,5000,5000,0,0,0,0.0,0.0,0.0,0.0
G-836,500,G-836:c0033,chain,3,5000,5000,5000,0,0,0,0.0,0.0,0.0,0.0
G-836,500,G-836:c0034,chain,3,5000,5000,5000,0,0,0,0.0,0.0,0.0,0.0
G-836,500,G-836:c0035,chain,4,5000,5000,5000,25,2770,2820,0.005,0.554,0.564,0.009999999999999898
G-836,500,G-836:c0036,chain,3,5000,5000,5000,0,0,0,0.0,0.0,0.0,0.0
G-836,500,G-836:c0037,chain,3,5000,5000,5000,2420,2230,2180,0.484,0.446,0.436,-0.010000000000000009
G-836,500,G-836:c0038,chain,3,5000,5000,5000,0,0,0,0.0,0.0,0.0,0.0
G-836,50,G-836:c0000,chain,1,5000,5000,5000,0,0,0,0.0,0.0,0.0,0.0
G-836,50,G-836:c0001,chain,1,5000,5000,5000,0,0,0,0.0,0.0,0.0,0.0
G-836,50,G-836:c0002,chain,2,5000,5000,5000,0,0,0,0.0,0.0,0.0,0.0
G-836,50,G-836:c0003,chain,1,5000,5000,5000,0,0,0,0.0,0.0,0.0,0.0
G-836,50,G-836:c0004,chain,1,5000,5000,5000,0,0,0,0.0,0.0,0.0,0.0
G-836,50,G-836:c0005,chain,1,5000,5000,5000,0,0,0,0.0,0.0,0.0,0.0
G-836,50,G-836:c0006,chain,1,5000,5000,5000,0,0,0,0.0,0.0,0.0,0.0
G-836,50,G-836:c0007,chain,2,5000,5000,5000,0,0,0,0.0,0.0,0.0,0.0
G-836,50,G-836:c0008,chain,2,5000,5000,5000,0,0,0,0.0,0.0,0.0,0.0
G-836,50,G-836:c0009,chain,2,5000,5000,5000,0,0,0,0.0,0.0,0.0,0.0
G-836,50,G-836:c0010,chain,3,5000,5000,5000,365,0,0,0.073,0.0,0.0,0.0
G-836,50,G-836:c0011,chain,3,5000,5000,5000,1645,5000,5000,0.329,1.0,1.0,0.0
G-836,50,G-836:c0012,chain,3,5000,5000,5000,0,0,0,0.0,0.0,0.0,0.0
G-836,50,G-836:c0013,chain,3,5000,5000,5000,0,0,0,0.0,0.0,0.0,0.0
G-836,50,G-836:c0014,chain,4,5000,5000,5000,0,0,0,0.0,0.0,0.0,0.0
G-836,50,G-836:c0015,chain,3,5000,5000,5000,0,0,0,0.0,0.0,0.0,0.0
G-836,50,G-836:c0016,chain,1,5000,5000,5000,315,0,0,0.063,0.0,0.0,0.0
G-836,50,G-836:c0017,chain,2,5000,5000,5000,2675,0,0,0.535,0.0,0.0,0.0
G-836,50,G-836:c0018,chain,1,5000,5000,5000,0,0,0,0.0,0.0,0.0,0.0
G-836,50,G-836:c0019,chain,1,5000,5000,5000,0,0,0,0.0,0.0,0.0,0.0
G-836,50,G-836:c0020,chain,2,5000,5000,5000,385,0,0,0.077,0.0,0.0,0.0
G-836,50,G-836:c0021,chain,2,5000,5000,5000,1730,0,0,0.346,0.0,0.0,0.0
G-836,50,G-836:c0022,chain,2,5000,5000,5000,0,0,0,0.0,0.0,0.0,0.0
G-836,50,G-836:c0023,chain,2,5000,5000,5000,0,0,0,0.0,0.0,0.0,0.0
G-836,50,G-836:c0024,chain,3,5000,5000,5000,0,0,0,0.0,0.0,0.0,0.0
G-836,50,G-836:c0025,chain,2,5000,5000,5000,0,0,0,0.0,0.0,0.0,0.0
G-836,50,G-836:c0026,chain,1,5000,5000,5000,0,0,0,0.0,0.0,0.0,0.0
G-836,50,G-836:c0027,chain,2,5000,5000,5000,0,0,0,0.0,0.0,0.0,0.0
G-836,50,G-836:c0028,chain,3,5000,5000,5000,0,0,0,0.0,0.0,0.0,0.0
G-836,50,G-836:c0029,chain,2,5000,5000,5000,180,0,0,0.036,0.0,0.0,0.0
G-836,50,G-836:c0030,chain,2,5000,5000,5000,250,0,0,0.05,0.0,0.0,0.0
G-836,50,G-836:c0031,chain,2,5000,5000,5000,10,0,0,0.002,0.0,0.0,0.0
G-836,50,G-836:c0032,chain,2,5000,5000,5000,0,0,0,0.0,0.0,0.0,0.0
G-836,50,G-836:c0033,chain,3,5000,5000,5000,0,0,0,0.0,0.0,0.0,0.0
G-836,50,G-836:c0034,chain,3,5000,5000,5000,0,0,0,0.0,0.0,0.0,0.0
G-836,50,G-836:c0035,chain,4,5000,5000,5000,25,2770,2808,0.005,0.554,0.5616,0.00759999999999994
G-836,50,G-836:c0036,chain,3,5000,5000,5000,0,0,0,0.0,0.0,0.0,0.0
G-836,50,G-836:c0037,chain,3,5000,5000,5000,2420,2230,2192,0.484,0.446,0.4384,-0.007599999999999996
G-836,50,G-836:c0038,chain,3,5000,5000,5000,0,0,0,0.0,0.0,0.0,0.0
G-970,100,G-970:c0000,cycle,3,5000,5000,5000,330,5000,2665,0.066,1.0,0.533,-0.46699999999999997
G-970,100,G-970:c0001,cycle,2,5000,5000,5000,5,0,0,0.001,0.0,0.0,0.0
G-970,100,G-970:c0002,cycle,3,5000,5000,5000,0,0,0,0.0,0.0,0.0,0.0
G-970,100,G-970:c0003,cycle,3,5000,5000,5000,4660,0,2335,0.932,0.0,0.467,0.467
G-970,100,G-970:c0004,cycle,2,5000,5000,5000,0,0,0,0.0,0.0,0.0,0.0
G-970,100,G-970:c0005,cycle,3,5000,5000,5000,455,0,1633,0.091,0.0,0.3266,0.3266
G-970,100,G-970:c0006,chain,1,5000,5000,5000,0,0,344,0.0,0.0,0.0688,0.0688
G-970,100,G-970:c0007,chain,2,5000,5000,5000,0,0,0,0.0,0.0,0.0,0.0
G-970,100,G-970:c0008,chain,3,5000,5000,5000,0,0,0,0.0,0.0,0.0,0.0
G-970,100,G-970:c0009,chain,3,5000,5000,5000,5,0,0,0.001,0.0,0.0,0.0
G-970,100,G-970:c0010,chain,4,5000,5000,5000,0,0,0,0.0,0.0,0.0,0.0
G-970,100,G-970:c0011,chain,3,5000,5000,5000,0,0,0,0.0,0.0,0.0,0.0
G-970,100,G-970:c0012,chain,4,5000,5000,5000,0,0,0,0.0,0.0,0.0,0.0
G-970,100,G-970:c0013,chain,3,5000,5000,5000,0,0,0,0.0,0.0,0.0,0.0
G-970,100,G-970:c0014,chain,4,5000,5000,5000,0,0,0,0.0,0.0,0.0,0.0
G-970,100,G-970:c0015,chain,4,5000,5000,5000,0,0,0,0.0,0.0,0.0,0.0
G-970,100,G-970:c0016,chain,4,5000,5000,5000,0,0,0,0.0,0.0,0.0,0.0
G-970,100,G-970:c0017,chain,3,5000,5000,5000,0,0,0,0.0,0.0,0.0,0.0
G-970,100,G-970:c0018,chain,3,5000,5000,5000,0,0,0,0.0,0.0,0.0,0.0
G-970,100,G-970:c0019,chain,1,5000,5000,5000,0,0,0,0.0,0.0,0.0,0.0
G-970,100,G-970:c0020,chain,2,5000,5000,5000,0,0,0,0.0,0.0,0.0,0.0
G-970,100,G-970:c0021,chain,3,5000,5000,5000,0,0,0,0.0,0.0,0.0,0.0
G-970,100,G-970:c0022,chain,4,5000,5000,5000,0,0,0,0.0,0.0,0.0,0.0
G-970,100,G-970:c0023,chain,4,5000,5000,5000,0,0,0,0.0,0.0,0.0,0.0
G-970,100,G-970:c0024,chain,4,5000,5000,5000,0,0,0,0.0,0.0,0.0,0.0
G-970,100,G-970:c0025,chain,4,5000,5000,5000,0,0,0,0.0,0.0,0.0,0.0
G-970,100,G-970:c0026,chain,4,5000,5000,5000,0,0,0,0.0,0.0,0.0,0.0
G-970,100,G-970:c0027,chain,4,5000,5000,5000,0,0,0,0.0,0.0,0.0,0.0
G-970,100,G-970:c0028,chain,3,5000,5000,5000,245,5000,2665,0.049,1.0,0.533,-0.46699999999999997
G-970,100,G-970:c0029,chain,4,5000,5000,5000,0,0,0,0.0,0.0,0.0,0.0
G-970,100,G-970:c0030,chain,3,5000,5000,5000,0,0,0,0.0,0.0,0.0,0.0
G-970,100,G-970:c0031,chain,4,5000,5000,5000,0,0,0,0.0,0.0,0.0,0.0
G-970,100,G-970:c0032,chain,3,5000,5000,5000,5,0,0,0.001,0.0,0.0,0.0
G-970,100,G-970:c0033,chain,3,5000,5000,5000,0,0,0,0.0,0.0,0.0,0.0
G-970,100,G-970:c0034,chain,1,5000,5000,5000,4745,0,1699,0.949,0.0,0.3398,0.3398
G-970,100,G-970:c0035,chain,1,5000,5000,5000,0,0,292,0.0,0.0,0.0584,0.0584
G-970,100,G-970:c0036,chain,1,5000,5000,5000,340,0,1289,0.068,0.0,0.2578,0.2578
G-970,100,G-970:c0037,chain,2,5000,5000,5000,0,0,0,0.0,0.0,0.0,0.0
G-970,100,G-970:c0038,chain,3,5000,5000,5000,0,0,0,0.0,0.0,0.0,0.0
G-970,100,G-970:c0039,chain,3,5000,5000,5000,0,0,0,0.0,0.0,0.0,0.0
G-970,100,G-970:c0040,chain,4,5000,5000,5000,0,0,0,0.0,0.0,0.0,0.0
G-970,100,G-970:c0041,chain,3,5000,5000,5000,0,0,0,0.0,0.0,0.0,0.0
G-970,100,G-970:c0042,chain,4,5000,5000,5000,0,0,0,0.0,0.0,0.0,0.0
G-970,100,G-970:c0043,chain,3,5000,5000,5000,0,0,0,0.0,0.0,0.0,0.0
G-970,100,G-970:c0044,chain,4,5000,5000,5000,0,0,0,0.0,0.0,0.0,0.0
G-970,100,G-970:c0045,chain,4,5000,5000,5000,0,0,0,0.0,0.0,0.0,0.0
G-970,100,G-970:c0046,chain,4,5000,5000,5000,0,0,0,0.0,0.0,0.0,0.0
G-970,100,G-970:c0047,chain,3,5000,5000,5000,0,0,0,0.0,0.0,0.0,0.0
G-970,100,G-970:c0048,chain,3,5000,5000,5000,0,0,0,0.0,0.0,0.0,0.0
G-970,100,G-970:c0049,chain,1,5000,5000,5000,0,0,0,0.0,0.0,0.0,0.0
G-970,100,G-970:c0050,chain,2,5000,5000,5000,0,0,0,0.0,0.0,0.0,0.0
G-970,100,G-970:c0051,chain,3,5000,5000,5000,0,0,0,0.0,0.0,0.0,0.0
G-970,100,G-970:c0052,chain,4,5000,5000,5000,0,0,0,0.0,0.0,0.0,0.0
G-970,100,G-970:c0053,chain,4,5000,5000,5000,0,0,0,0.0,0.0,0.0,0.0
G-970,100,G-970:c0054,chain,4,5000,5000,5000,0,0,0,0.0,0.0,0.0,0.0
G-970,100,G-970:c0055,chain,4,5000,5000,5000,0,0,0,0.0,0.0,0.0,0.0
G-970,100,G-970:c0056,chain,4,5000,5000,5000,0,0,0,0.0,0.0,0.0,0.0
G-970,100,G-970:c0057,chain,4,5000,5000,5000,0,0,0,0.0,0.0,0.0,0.0
G-970,100,G-970:c0058,chain,3,5000,5000,5000,4055,0,702,0.811,0.0,0.1404,0.1404
G-970,100,G-970:c0059,chain,4,5000,5000,5000,0,0,0,0.0,0.0,0.0,0.0
G-970,100,G-970:c0060,chain,3,5000,5000,5000,0,0,0,0.0,0.0,0.0,0.0
G-970,100,G-970:c0061,chain,4,5000,5000,5000,55,0,0,0.011,0.0,0.0,0.0
G-970,100,G-970:c0062,chain,3,5000,5000,5000,70,0,0,0.014,0.0,0.0,0.0
G-970,100,G-970:c0063,chain,3,5000,5000,5000,110,0,0,0.022,0.0,0.0,0.0
G-970,100,G-970:c0064,chain,1,5000,5000,5000,0,0,0,0.0,0.0,0.0,0.0
G-970,100,G-970:c0065,chain,2,5000,5000,5000,0,0,0,0.0,0.0,0.0,0.0
G-970,100,G-970:c0066,chain,3,5000,5000,5000,0,0,0,0.0,0.0,0.0,0.0
G-970,100,G-970:c0067,chain,4,5000,5000,5000,0,0,0,0.0,0.0,0.0,0.0
G-970,100,G-970:c0068,chain,4,5000,5000,5000,0,0,0,0.0,0.0,0.0,0.0
G-970,100,G-970:c0069,chain,4,5000,5000,5000,0,0,0,0.0,0.0,0.0,0.0
G-970,100,G-970:c0070,chain,4,5000,5000,5000,0,0,0,0.0,0.0,0.0,0.0
G-970,100,G-970:c0071,chain,4,5000,5000,5000,0,0,0,0.0,0.0,0.0,0.0
G-970,100,G-970:c0072,chain,4,5000,5000,5000,0,0,0,0.0,0.0,0.0,0.0
G-970,100,G-970:c0073,chain,3,5000,5000,5000,0,0,0,0.0,0.0,0.0,0.0
G-970,100,G-970:c0074,chain,4,5000,5000,5000,0,0,0,0.0,0.0,0.0,0.0
G-970,100,G-970:c0075,chain,3,5000,5000,5000,10,0,0,0.002,0.0,0.0,0.0
G-970,100,G-970:c0076,chain,3,5000,5000,5000,0,0,0,0.0,0.0,0.0,0.0
G-970,100,G-970:c0077,chain,2,5000,5000,5000,0,0,0,0.0,0.0,0.0,0.0
G-970,100,G-970:c0078,chain,3,5000,5000,5000,0,0,0,0.0,0.0,0.0,0.0
G-970,100,G-970:c0079,chain,4,5000,5000,5000,0,0,0,0.0,0.0,0.0,0.0
G-970,100,G-970:c0080,chain,4,5000,5000,5000,250,5000,2665,0.05,1.0,0.533,-0.46699999999999997
G-970,100,G-970:c0081,chain,3,5000,5000,5000,0,0,0,0.0,0.0,0.0,0.0
G-970,100,G-970:c0082,chain,4,5000,5000,5000,5,0,0,0.001,0.0,0.0,0.0
G-970,100,G-970:c0083,chain,2,5000,5000,5000,75,0,0,0.015,0.0,0.0,0.0
G-970,100,G-970:c0084,chain,1,5000,5000,5000,30,0,322,0.006,0.0,0.0644,0.0644
G-970,100,G-970:c0085,chain,1,5000,5000,5000,0,0,22,0.0,0.0,0.0044,0.0044
G-970,500,G-970:c0000,cycle,3,5000,5000,5000,330,5000,2288,0.066,1.0,0.4576,-0.5424
G-970,500,G-970:c0001,cycle,2,5000,5000,5000,5,0,0,0.001,0.0,0.0,0.0
G-970,500,G-970:c0002,cycle,3,5000,5000,5000,0,0,0,0.0,0.0,0.0,0.0
G-970,500,G-970:c0003,cycle,3,5000,5000,5000,4660,0,2712,0.932,0.0,0.5424,0.5424
G-970,500,G-970:c0004,cycle,2,5000,5000,5000,0,0,0,0.0,0.0,0.0,0.0
G-970,500,G-970:c0005,cycle,3,5000,5000,5000,455,0,1905,0.091,0.0,0.381,0.381
G-970,500,G-970:c0006,chain,1,5000,5000,5000,0,0,410,0.0,0.0,0.082,0.082
G-970,500,G-970:c0007,chain,2,5000,5000,5000,0,0,0,0.0,0.0,0.0,0.0
G-970,500,G-970:c0008,chain,3,5000,5000,5000,0,0,0,0.0,0.0,0.0,0.0
G-970,500,G-970:c0009,chain,3,5000,5000,5000,5,0,0,0.001,0.0,0.0,0.0
G-970,500,G-970:c0010,chain,4,5000,5000,5000,0,0,0,0.0,0.0,0.0,0.0
G-970,500,G-970:c0011,chain,3,5000,5000,5000,0,0,0,0.0,0.0,0.0,0.0
G-970,500,G-970:c0012,chain,4,5000,5000,5000,0,0,0,0.0,0.0,0.0,0.0
G-970,500,G-970:c0013,chain,3,5000,5000,5000,0,0,0,0.0,0.0,0.0,0.0
G-970,500,G-970:c0014,chain,4,5000,5000,5000,0,0,0,0.0,0.0,0.0,0.0
G-970,500,G-970:c0015,chain,4,5000,5000,5000,0,0,0,0.0,0.0,0.0,0.0
G-970,500,G-970:c0016,chain,4,5000,5000,5000,0,0,0,0.0,0.0,0.0,0.0
G-970,500,G-970:c0017,chain,3,5000,5000,5000,0,0,0,0.0,0.0,0.0,0.0
G-970,500,G-970:c0018,chain,3,5000,5000,5000,0,0,0,0.0,0.0,0.0,0.0
G-970,500,G-970:c0019,chain,1,5000,5000,5000,0,0,0,0.0,0.0,0.0,0.0
G-970,500,G-970:c0020,chain,2,5000,5000,5000,0,0,0,0.0,0.0,0.0,0.0
G-970,500,G-970:c0021,chain,3,5000,5000,5000,0,0,0,0.0,0.0,0.0,0.0
G-970,500,G-970:c0022,chain,4,5000,5000,5000,0,0,0,0.0,0.0,0.0,0.0
G-970,500,G-970:c0023,chain,4,5000,5000,5000,0,0,0,0.0,0.0,0.0,0.0
G-970,500,G-970:c0024,chain,4,5000,5000,5000,0,0,0,0.0,0.0,0.0,0.0
G-970,500,G-970:c0025,chain,4,5000,5000,5000,0,0,0,0.0,0.0,0.0,0.0
G-970,500,G-970:c0026,chain,4,5000,5000,5000,0,0,0,0.0,0.0,0.0,0.0
G-970,500,G-970:c0027,chain,4,5000,5000,5000,0,0,0,0.0,0.0,0.0,0.0
G-970,500,G-970:c0028,chain,3,5000,5000,5000,245,5000,2288,0.049,1.0,0.4576,-0.5424
G-970,500,G-970:c0029,chain,4,5000,5000,5000,0,0,0,0.0,0.0,0.0,0.0
G-970,500,G-970:c0030,chain,3,5000,5000,5000,0,0,0,0.0,0.0,0.0,0.0
G-970,500,G-970:c0031,chain,4,5000,5000,5000,0,0,0,0.0,0.0,0.0,0.0
G-970,500,G-970:c0032,chain,3,5000,5000,5000,5,0,0,0.001,0.0,0.0,0.0
G-970,500,G-970:c0033,chain,3,5000,5000,5000,0,0,0,0.0,0.0,0.0,0.0
G-970,500,G-970:c0034,chain,1,5000,5000,5000,4745,0,1986,0.949,0.0,0.3972,0.3972
G-970,500,G-970:c0035,chain,1,5000,5000,5000,0,0,316,0.0,0.0,0.0632,0.0632
G-970,500,G-970:c0036,chain,1,5000,5000,5000,340,0,1495,0.068,0.0,0.299,0.299
G-970,500,G-970:c0037,chain,2,5000,5000,5000,0,0,0,0.0,0.0,0.0,0.0
G-970,500,G-970:c0038,chain,3,5000,5000,5000,0,0,0,0.0,0.0,0.0,0.0
G-970,500,G-970:c0039,chain,3,5000,5000,5000,0,0,0,0.0,0.0,0.0,0.0
G-970,500,G-970:c0040,chain,4,5000,5000,5000,0,0,0,0.0,0.0,0.0,0.0
G-970,500,G-970:c0041,chain,3,5000,5000,5000,0,0,0,0.0,0.0,0.0,0.0
G-970,500,G-970:c0042,chain,4,5000,5000,5000,0,0,0,0.0,0.0,0.0,0.0
G-970,500,G-970:c0043,chain,3,5000,5000,5000,0,0,0,0.0,0.0,0.0,0.0
G-970,500,G-970:c0044,chain,4,5000,5000,5000,0,0,0,0.0,0.0,0.0,0.0
G-970,500,G-970:c0045,chain,4,5000,5000,5000,0,0,0,0.0,0.0,0.0,0.0
G-970,500,G-970:c0046,chain,4,5000,5000,5000,0,0,0,0.0,0.0,0.0,0.0
G-970,500,G-970:c0047,chain,3,5000,5000,5000,0,0,0,0.0,0.0,0.0,0.0
G-970,500,G-970:c0048,chain,3,5000,5000,5000,0,0,0,0.0,0.0,0.0,0.0
G-970,500,G-970:c0049,chain,1,5000,5000,5000,0,0,0,0.0,0.0,0.0,0.0
G-970,500,G-970:c0050,chain,2,5000,5000,5000,0,0,0,0.0,0.0,0.0,0.0
G-970,500,G-970:c0051,chain,3,5000,5000,5000,0,0,0,0.0,0.0,0.0,0.0
G-970,500,G-970:c0052,chain,4,5000,5000,5000,0,0,0,0.0,0.0,0.0,0.0
G-970,500,G-970:c0053,chain,4,5000,5000,5000,0,0,0,0.0,0.0,0.0,0.0
G-970,500,G-970:c0054,chain,4,5000,5000,5000,0,0,0,0.0,0.0,0.0,0.0
G-970,500,G-970:c0055,chain,4,5000,5000,5000,0,0,0,0.0,0.0,0.0,0.0
G-970,500,G-970:c0056,chain,4,5000,5000,5000,0,0,0,0.0,0.0,0.0,0.0
G-970,500,G-970:c0057,chain,4,5000,5000,5000,0,0,0,0.0,0.0,0.0,0.0
G-970,500,G-970:c0058,chain,3,5000,5000,5000,4055,0,807,0.811,0.0,0.1614,0.1614
G-970,500,G-970:c0059,chain,4,5000,5000,5000,0,0,0,0.0,0.0,0.0,0.0
G-970,500,G-970:c0060,chain,3,5000,5000,5000,0,0,0,0.0,0.0,0.0,0.0
G-970,500,G-970:c0061,chain,4,5000,5000,5000,55,0,0,0.011,0.0,0.0,0.0
G-970,500,G-970:c0062,chain,3,5000,5000,5000,70,0,0,0.014,0.0,0.0,0.0
G-970,500,G-970:c0063,chain,3,5000,5000,5000,110,0,0,0.022,0.0,0.0,0.0
G-970,500,G-970:c0064,chain,1,5000,5000,5000,0,0,0,0.0,0.0,0.0,0.0
G-970,500,G-970:c0065,chain,2,5000,5000,5000,0,0,0,0.0,0.0,0.0,0.0
G-970,500,G-970:c0066,chain,3,5000,5000,5000,0,0,0,0.0,0.0,0.0,0.0
G-970,500,G-970:c0067,chain,4,5000,5000,5000,0,0,0,0.0,0.0,0.0,0.0
G-970,500,G-970:c0068,chain,4,5000,5000,5000,0,0,0,0.0,0.0,0.0,0.0
G-970,500,G-970:c0069,chain,4,5000,5000,5000,0,0,0,0.0,0.0,0.0,0.0
G-970,500,G-970:c0070,chain,4,5000,5000,5000,0,0,0,0.0,0.0,0.0,0.0
G-970,500,G-970:c0071,chain,4,5000,5000,5000,0,0,0,0.0,0.0,0.0,0.0
G-970,500,G-970:c0072,chain,4,5000,5000,5000,0,0,0,0.0,0.0,0.0,0.0
G-970,500,G-970:c0073,chain,3,5000,5000,5000,0,0,0,0.0,0.0,0.0,0.0
G-970,500,G-970:c0074,chain,4,5000,5000,5000,0,0,0,0.0,0.0,0.0,0.0
G-970,500,G-970:c0075,chain,3,5000,5000,5000,10,0,0,0.002,0.0,0.0,0.0
G-970,500,G-970:c0076,chain,3,5000,5000,5000,0,0,0,0.0,0.0,0.0,0.0
G-970,500,G-970:c0077,chain,2,5000,5000,5000,0,0,0,0.0,0.0,0.0,0.0
G-970,500,G-970:c0078,chain,3,5000,5000,5000,0,0,0,0.0,0.0,0.0,0.0
G-970,500,G-970:c0079,chain,4,5000,5000,5000,0,0,0,0.0,0.0,0.0,0.0
G-970,500,G-970:c0080,chain,4,5000,5000,5000,250,5000,2288,0.05,1.0,0.4576,-0.5424
G-970,500,G-970:c0081,chain,3,5000,5000,5000,0,0,0,0.0,0.0,0.0,0.0
G-970,500,G-970:c0082,chain,4,5000,5000,5000,5,0,0,0.001,0.0,0.0,0.0
G-970,500,G-970:c0083,chain,2,5000,5000,5000,75,0,0,0.015,0.0,0.0,0.0
G-970,500,G-970:c0084,chain,1,5000,5000,5000,30,0,386,0.006,0.0,0.0772,0.0772
G-970,500,G-970:c0085,chain,1,5000,5000,5000,0,0,24,0.0,0.0,0.0048,0.0048
G-970,50,G-970:c0000,cycle,3,5000,5000,5000,330,5000,3018,0.066,1.0,0.6036,-0.3964
G-970,50,G-970:c0001,cycle,2,5000,5000,5000,5,0,0,0.001,0.0,0.0,0.0
G-970,50,G-970:c0002,cycle,3,5000,5000,5000,0,0,0,0.0,0.0,0.0,0.0
G-970,50,G-970:c0003,cycle,3,5000,5000,5000,4660,0,1982,0.932,0.0,0.3964,0.3964
G-970,50,G-970:c0004,cycle,2,5000,5000,5000,0,0,0,0.0,0.0,0.0,0.0
G-970,50,G-970:c0005,cycle,3,5000,5000,5000,455,0,1369,0.091,0.0,0.2738,0.2738
G-970,50,G-970:c0006,chain,1,5000,5000,5000,0,0,308,0.0,0.0,0.0616,0.0616
G-970,50,G-970:c0007,chain,2,5000,5000,5000,0,0,0,0.0,0.0,0.0,0.0
G-970,50,G-970:c0008,chain,3,5000,5000,5000,0,0,0,0.0,0.0,0.0,0.0
G-970,50,G-970:c0009,chain,3,5000,5000,5000,5,0,0,0.001,0.0,0.0,0.0
G-970,50,G-970:c0010,chain,4,5000,5000,5000,0,0,0,0.0,0.0,0.0,0.0
G-970,50,G-970:c0011,chain,3,5000,5000,5000,0,0,0,0.0,0.0,0.0,0.0
G-970,50,G-970:c0012,chain,4,5000,5000,5000,0,0,0,0.0,0.0,0.0,0.0
G-970,50,G-970:c0013,chain,3,5000,5000,5000,0,0,0,0.0,0.0,0.0,0.0
G-970,50,G-970:c0014,chain,4,5000,5000,5000,0,0,0,0.0,0.0,0.0,0.0
G-970,50,G-970:c0015,chain,4,5000,5000,5000,0,0,0,0.0,0.0,0.0,0.0
G-970,50,G-970:c0016,chain,4,5000,5000,5000,0,0,0,0.0,0.0,0.0,0.0
G-970,50,G-970:c0017,chain,3,5000,5000,5000,0,0,0,0.0,0.0,0.0,0.0
G-970,50,G-970:c0018,chain,3,5000,5000,5000,0,0,0,0.0,0.0,0.0,0.0
G-970,50,G-970:c0019,chain,1,5000,5000,5000,0,0,0,0.0,0.0,0.0,0.0
G-970,50,G-970:c0020,chain,2,5000,5000,5000,0,0,0,0.0,0.0,0.0,0.0
G-970,50,G-970:c0021,chain,3,5000,5000,5000,0,0,0,0.0,0.0,0.0,0.0
G-970,50,G-970:c0022,chain,4,5000,5000,5000,0,0,0,0.0,0.0,0.0,0.0
G-970,50,G-970:c0023,chain,4,5000,5000,5000,0,0,0,0.0,0.0,0.0,0.0
G-970,50,G-970:c0024,chain,4,5000,5000,5000,0,0,0,0.0,0.0,0.0,0.0
G-970,50,G-970:c0025,chain,4,5000,5000,5000,0,0,0,0.0,0.0,0.0,0.0
G-970,50,G-970:c0026,chain,4,5000,5000,5000,0,0,0,0.0,0.0,0.0,0.0
G-970,50,G-970:c0027,chain,4,5000,5000,5000,0,0,0,0.0,0.0,0.0,0.0
G-970,50,G-970:c0028,chain,3,5000,5000,5000,245,5000,3018,0.049,1.0,0.6036,-0.3964
G-970,50,G-970:c0029,chain,4,5000,5000,5000,0,0,0,0.0,0.0,0.0,0.0
G-970,50,G-970:c0030,chain,3,5000,5000,5000,0,0,0,0.0,0.0,0.0,0.0
G-970,50,G-970:c0031,chain,4,5000,5000,5000,0,0,0,0.0,0.0,0.0,0.0
G-970,50,G-970:c0032,chain,3,5000,5000,5000,5,0,0,0.001,0.0,0.0,0.0
G-970,50,G-970:c0033,chain,3,5000,5000,5000,0,0,0,0.0,0.0,0.0,0.0
G-970,50,G-970:c0034,chain,1,5000,5000,5000,4745,0,1302,0.949,0.0,0.2604,0.2604
G-970,50,G-970:c0035,chain,1,5000,5000,5000,0,0,372,0.0,0.0,0.0744,0.0744
G-970,50,G-970:c0036,chain,1,5000,5000,5000,340,0,1063,0.068,0.0,0.2126,0.2126
G-970,50,G-970:c0037,chain,2,5000,5000,5000,0,0,0,0.0,0.0,0.0,0.0
G-970,50,G-970:c0038,chain,3,5000,5000,5000,0,0,0,0.0,0.0,0.0,0.0
G-970,50,G-970:c0039,chain,3,5000,5000,5000,0,0,0,0.0,0.0,0.0,0.0
G-970,50,G-970:c0040,chain,4,5000,5000,5000,0,0,0,0.0,0.0,0.0,0.0
G-970,50,G-970:c0041,chain,3,5000,5000,5000,0,0,0,0.0,0.0,0.0,0.0
G-970,50,G-970:c0042,chain,4,5000,5000,5000,0,0,0,0.0,0.0,0.0,0.0
G-970,50,G-970:c0043,chain,3,5000,5000,5000,0,0,0,0.0,0.0,0.0,0.0
G-970,50,G-970:c0044,chain,4,5000,5000,5000,0,0,0,0.0,0.0,0.0,0.0
G-970,50,G-970:c0045,chain,4,5000,5000,5000,0,0,0,0.0,0.0,0.0,0.0
G-970,50,G-970:c0046,chain,4,5000,5000,5000,0,0,0,0.0,0.0,0.0,0.0
G-970,50,G-970:c0047,chain,3,5000,5000,5000,0,0,0,0.0,0.0,0.0,0.0
G-970,50,G-970:c0048,chain,3,5000,5000,5000,0,0,0,0.0,0.0,0.0,0.0
G-970,50,G-970:c0049,chain,1,5000,5000,5000,0,0,0,0.0,0.0,0.0,0.0
G-970,50,G-970:c0050,chain,2,5000,5000,5000,0,0,0,0.0,0.0,0.0,0.0
G-970,50,G-970:c0051,chain,3,5000,5000,5000,0,0,0,0.0,0.0,0.0,0.0
G-970,50,G-970:c0052,chain,4,5000,5000,5000,0,0,0,0.0,0.0,0.0,0.0
G-970,50,G-970:c0053,chain,4,5000,5000,5000,0,0,0,0.0,0.0,0.0,0.0
G-970,50,G-970:c0054,chain,4,5000,5000,5000,0,0,0,0.0,0.0,0.0,0.0
G-970,50,G-970:c0055,chain,4,5000,5000,5000,0,0,0,0.0,0.0,0.0,0.0
G-970,50,G-970:c0056,chain,4,5000,5000,5000,0,0,0,0.0,0.0,0.0,0.0
G-970,50,G-970:c0057,chain,4,5000,5000,5000,0,0,0,0.0,0.0,0.0,0.0
G-970,50,G-970:c0058,chain,3,5000,5000,5000,4055,0,611,0.811,0.0,0.1222,0.1222
G-970,50,G-970:c0059,chain,4,5000,5000,5000,0,0,0,0.0,0.0,0.0,0.0
G-970,50,G-970:c0060,chain,3,5000,5000,5000,0,0,0,0.0,0.0,0.0,0.0
G-970,50,G-970:c0061,chain,4,5000,5000,5000,55,0,0,0.011,0.0,0.0,0.0
G-970,50,G-970:c0062,chain,3,5000,5000,5000,70,0,0,0.014,0.0,0.0,0.0
G-970,50,G-970:c0063,chain,3,5000,5000,5000,110,0,2,0.022,0.0,0.0004,0.0004
G-970,50,G-970:c0064,chain,1,5000,5000,5000,0,0,0,0.0,0.0,0.0,0.0
G-970,50,G-970:c0065,chain,2,5000,5000,5000,0,0,0,0.0,0.0,0.0,0.0
G-970,50,G-970:c0066,chain,3,5000,5000,5000,0,0,0,0.0,0.0,0.0,0.0
G-970,50,G-970:c0067,chain,4,5000,5000,5000,0,0,0,0.0,0.0,0.0,0.0
G-970,50,G-970:c0068,chain,4,5000,5000,5000,0,0,0,0.0,0.0,0.0,0.0
G-970,50,G-970:c0069,chain,4,5000,5000,5000,0,0,0,0.0,0.0,0.0,0.0
G-970,50,G-970:c0070,chain,4,5000,5000,5000,0,0,0,0.0,0.0,0.0,0.0
G-970,50,G-970:c0071,chain,4,5000,5000,5000,0,0,0,0.0,0.0,0.0,0.0
G-970,50,G-970:c0072,chain,4,5000,5000,5000,0,0,0,0.0,0.0,0.0,0.0
G-970,50,G-970:c0073,chain,3,5000,5000,5000,0,0,0,0.0,0.0,0.0,0.0
G-970,50,G-970:c0074,chain,4,5000,5000,5000,0,0,0,0.0,0.0,0.0,0.0
G-970,50,G-970:c0075,chain,3,5000,5000,5000,10,0,0,0.002,0.0,0.0,0.0
G-970,50,G-970:c0076,chain,3,5000,5000,5000,0,0,0,0.0,0.0,0.0,0.0
G-970,50,G-970:c0077,chain,2,5000,5000,5000,0,0,0,0.0,0.0,0.0,0.0
G-970,50,G-970:c0078,chain,3,5000,5000,5000,0,0,0,0.0,0.0,0.0,0.0
G-970,50,G-970:c0079,chain,4,5000,5000,5000,0,0,0,0.0,0.0,0.0,0.0
G-970,50,G-970:c0080,chain,4,5000,5000,5000,250,5000,3018,0.05,1.0,0.6036,-0.3964
G-970,50,G-970:c0081,chain,3,5000,5000,5000,0,0,0,0.0,0.0,0.0,0.0
G-970,50,G-970:c0082,chain,4,5000,5000,5000,5,0,0,0.001,0.0,0.0,0.0
G-970,50,G-970:c0083,chain,2,5000,5000,5000,75,0,0,0.015,0.0,0.0,0.0
G-970,50,G-970:c0084,chain,1,5000,5000,5000,30,0,268,0.006,0.0,0.0536,0.0536
G-970,50,G-970:c0085,chain,1,5000,5000,5000,0,0,38,0.0,0.0,0.0076,0.0076
