topology_id,data_seed,sample_size,test_sample_index,graph,oracle_candidate_ids,two_stage_candidate_ids,spoplus_candidate_ids,two_stage_only_candidate_ids,spoplus_only_candidate_ids,true_obj_oracle,true_obj_2stage,true_obj_spoplus,gap_2stage,gap_spoplus,true_delta_spoplus_minus_2stage,case_direction,abs_true_delta
G-269,101,50,929,G-000929.json,G-269:c0003|G-269:c0010,G-269:c0005|G-269:c0033,G-269:c0003|G-269:c0010,G-269:c0005|G-269:c0033,G-269:c0003|G-269:c0010,107.09890103340149,56.69470000267029,107.09890103340149,50.4042010307312,0.0,50.4042010307312,beneficial_reversal,50.4042010307312
G-269,102,50,929,G-000929.json,G-269:c0003|G-269:c0010,G-269:c0005|G-269:c0033,G-269:c0003|G-269:c0010,G-269:c0005|G-269:c0033,G-269:c0003|G-269:c0010,107.09890103340149,56.69470000267029,107.09890103340149,50.4042010307312,0.0,50.4042010307312,beneficial_reversal,50.4042010307312
G-269,103,50,929,G-000929.json,G-269:c0003|G-269:c0010,G-269:c0005|G-269:c0033,G-269:c0003|G-269:c0010,G-269:c0005|G-269:c0033,G-269:c0003|G-269:c0010,107.09890103340149,56.69470000267029,107.09890103340149,50.4042010307312,0.0,50.4042010307312,beneficial_reversal,50.4042010307312
G-269,104,50,929,G-000929.json,G-269:c0003|G-269:c0010,G-269:c0005|G-269:c0033,G-269:c0003|G-269:c0010,G-269:c0005|G-269:c0033,G-269:c0003|G-269:c0010,107.09890103340149,56.69470000267029,107.09890103340149,50.4042010307312,0.0,50.4042010307312,beneficial_reversal,50.4042010307312
G-269,105,50,929,G-000929.json,G-269:c0003|G-269:c0010,G-269:c0005|G-269:c0033,G-269:c0003|G-269:c0010,G-269:c0005|G-269:c0033,G-269:c0003|G-269:c0010,107.09890103340149,56.69470000267029,107.09890103340149,50.4042010307312,0.0,50.4042010307312,beneficial_reversal,50.4042010307312
G-269,101,100,929,G-000929.json,G-269:c0003|G-269:c0010,G-269:c0005|G-269:c0033,G-269:c0003|G-269:c0010,G-269:c0005|G-269:c0033,G-269:c0003|G-269:c0010,107.09890103340149,56.69470000267029,107.09890103340149,50.4042010307312,0.0,50.4042010307312,beneficial_reversal,50.4042010307312
G-269,102,100,929,G-000929.json,G-269:c0003|G-269:c0010,G-269:c0005|G-269:c0033,G-269:c0003|G-269:c0010,G-269:c0005|G-269:c0033,G-269:c0003|G-269:c0010,107.09890103340149,56.69470000267029,107.09890103340149,50.4042010307312,0.0,50.4042010307312,beneficial_reversal,50.4042010307312
G-269,103,100,929,G-000929.json,G-269:c0003|G-269:c0010,G-269:c0005|G-269:c0033,G-269:c0003|G-269:c0010,G-269:c0005|G-269:c0033,G-269:c0003|G-269:c0010,107.09890103340149,56.69470000267029,107.09890103340149,50.4042010307312,0.0,50.4042010307312,beneficial_reversal,50.4042010307312
G-269,104,100,929,G-000929.json,G-269:c0003|G-269:c0010,G-269:c0005|G-269:c0033,G-269:c0003|G-269:c0010,G-269:c0005|G-269:c0033,G-269:c0003|G-269:c0010,107.09890103340149,56.69470000267029,107.09890103340149,50.4042010307312,0.0,50.4042010307312,beneficial_reversal,50.4042010307312
G-269,105,100,929,G-000929.json,G-269:c0003|G-269:c0010,G-269:c0005|G-269:c0033,G-269:c0003|G-269:c0010,G-269:c0005|G-269:c0033,G-269:c0003|G-269:c0010,107.09890103340149,56.69470000267029,107.09890103340149,50.4042010307312,0.0,50.4042010307312,beneficial_reversal,50.4042010307312
G-269,101,500,929,G-000929.json,G-269:c0003|G-269:c0010,G-269:c0005|G-269:c0033,G-269:c0003|G-269:c0010,G-269:c0005|G-269:c0033,G-269:c0003|G-269:c0010,107.09890103340149,56.69470000267029,107.09890103340149,50.4042010307312,0.0,50.4042010307312,beneficial_reversal,50.4042010307312
G-269,102,500,929,G-000929.json,G-269:c0003|G-269:c0010,G-269:c0005|G-269:c0033,G-269:c0003|G-269:c0010,G-269:c0005|G-269:c0033,G-269:c0003|G-269:c0010,107.09890103340149,56.69470000267029,107.09890103340149,50.4042010307312,0.0,50.4042010307312,beneficial_reversal,50.4042010307312
G-269,103,500,929,G-000929.json,G-269:c0003|G-269:c0010,G-269:c0005|G-269:c0033,G-269:c0003|G-269:c0010,G-269:c0005|G-269:c0033,G-269:c0003|G-269:c0010,107.09890103340149,56.69470000267029,107.09890103340149,50.4042010307312,0.0,50.4042010307312,beneficial_reversal,50.4042010307312
G-269,104,500,929,G-000929.json,G-269:c0003|G-269:c0010,G-269:c0005|G-269:c0033,G-269:c0003|G-269:c0010,G-269:c0005|G-269:c0033,G-269:c0003|G-269:c0010,107.09890103340149,56.69470000267029,107.09890103340149,50.4042010307312,0.0,50.4042010307312,beneficial_reversal,50.4042010307312
G-269,105,500,929,G-000929.json,G-269:c0003|G-269:c0010,G-269:c0005|G-269:c0033,G-269:c0003|G-269:c0010,G-269:c0005|G-269:c0033,G-269:c0003|G-269:c0010,107.09890103340149,56.69470000267029,107.09890103340149,50.4042010307312,0.0,50.4042010307312,beneficial_reversal,50.4042010307312
G-269,101,50,926,G-000926.json,G-269:c0003|G-269:c0010,G-269:c0005|G-269:c0033,G-269:c0003|G-269:c0010,G-269:c0005|G-269:c0033,G-269:c0003|G-269:c0010,110.00809931755066,62.74929881095886,110.00809931755066,47.2588005065918,0.0,47.2588005065918,beneficial_reversal,47.2588005065918
G-269,102,50,926,G-000926.json,G-269:c0003|G-269:c0010,G-269:c0005|G-269:c0033,G-269:c0003|G-269:c0010,G-269:c0005|G-269:c0033,G-269:c0003|G-269:c0010,110.00809931755066,62.74929881095886,110.00809931755066,47.2588005065918,0.0,47.2588005065918,beneficial_reversal,47.2588005065918
G-269,103,50,926,G-000926.json,G-269:c0003|G-269:c0010,G-269:c0005|G-269:c0033,G-269:c0003|G-269:c0010,G-269:c0005|G-269:c0033,G-269:c0003|G-269:c0010,110.00809931755066,62.74929881095886,110.00809931755066,47.2588005065918,0.0,47.2588005065918,beneficial_reversal,47.2588005065918
G-269,104,50,926,G-000926.json,G-269:c0003|G-269:c0010,G-269:c0005|G-269:c0033,G-269:c0003|G-269:c0010,G-269:c0005|G-269:c0033,G-269:c0003|G-269:c0010,110.00809931755066,62.74929881095886,110.00809931755066,47.2588005065918,0.0,47.2588005065918,beneficial_reversal,47.2588005065918
G-269,105,50,926,G-000926.json,G-269:c0003|G-269:c0010,G-269:c0005|G-269:c0033,G-269:c0003|G-269:c0010,G-269:c0005|G-269:c0033,G-269:c0003|G-269:c0010,110.00809931755066,62.74929881095886,110.00809931755066,47.2588005065918,0.0,47.2588005065918,beneficial_reversal,47.2588005065918
G-364,104,50,386,G-000386.json,G-364:c0000|G-364:c0004,G-364:c0000|G-364:c0003,G-364:c0000|G-364:c0004,G-364:c0003,G-364:c0004,37.473599910736084,24.19159996509552,37.473599910736084,13.281999945640564,0.0,13.281999945640564,beneficial_reversal,13.281999945640564
G-364,101,50,156,G-000156.json,G-364:c0000|G-364:c0006,G-364:c0000|G-364:c0003,G-364:c0000|G-364:c0006,G-364:c0003,G-364:c0006,33.47279977798462,21.234000325202942,33.47279977798462,12.238799452781677,0.0,12.238799452781677,beneficial_reversal,12.238799452781677
G-364,102,50,156,G-000156.json,G-364:c0000|G-364:c0006,G-364:c0000|G-364:c0003,G-364:c0000|G-364:c0006,G-364:c0003,G-364:c0006,33.47279977798462,21.234000325202942,33.47279977798462,12.238799452781677,0.0,12.238799452781677,beneficial_reversal,12.238799452781677
G-364,105,50,156,G-000156.json,G-364:c0000|G-364:c0006,G-364:c0000|G-364:c0003,G-364:c0000|G-364:c0006,G-364:c0003,G-364:c0006,33.47279977798462,21.234000325202942,33.47279977798462,12.238799452781677,0.0,12.238799452781677,beneficial_reversal,12.238799452781677
G-364,101,100,156,G-000156.json,G-364:c0000|G-364:c0006,G-364:c0000|G-364:c0003,G-364:c0000|G-364:c0006,G-364:c0003,G-364:c0006,33.47279977798462,21.234000325202942,33.47279977798462,12.238799452781677,0.0,12.238799452781677,beneficial_reversal,12.238799452781677
G-364,102,100,156,G-000156.json,G-364:c0000|G-364:c0006,G-364:c0000|G-364:c0003,G-364:c0000|G-364:c0006,G-364:c0003,G-364:c0006,33.47279977798462,21.234000325202942,33.47279977798462,12.238799452781677,0.0,12.238799452781677,beneficial_reversal,12.238799452781677
G-364,104,100,156,G-000156.json,G-364:c0000|G-364:c0006,G-364:c0000|G-364:c0003,G-364:c0000|G-364:c0006,G-364:c0003,G-364:c0006,33.47279977798462,21.234000325202942,33.47279977798462,12.238799452781677,0.0,12.238799452781677,beneficial_reversal,12.238799452781677
G-364,105,100,156,G-000156.json,G-364:c0000|G-364:c0006,G-364:c0000|G-364:c0003,G-364:c0000|G-364:c0006,G-364:c0003,G-364:c0006,33.47279977798462,21.234000325202942,33.47279977798462,12.238799452781677,0.0,12.238799452781677,beneficial_reversal,12.238799452781677
G-364,101,500,156,G-000156.json,G-364:c0000|G-364:c0006,G-364:c0000|G-364:c0003,G-364:c0000|G-364:c0006,G-364:c0003,G-364:c0006,33.47279977798462,21.234000325202942,33.47279977798462,12.238799452781677,0.0,12.238799452781677,beneficial_reversal,12.238799452781677
G-364,102,500,156,G-000156.json,G-364:c0000|G-364:c0006,G-364:c0000|G-364:c0003,G-364:c0000|G-364:c0006,G-364:c0003,G-364:c0006,33.47279977798462,21.234000325202942,33.47279977798462,12.238799452781677,0.0,12.238799452781677,beneficial_reversal,12.238799452781677
G-364,103,500,156,G-000156.json,G-364:c0000|G-364:c0006,G-364:c0000|G-364:c0003,G-364:c0000|G-364:c0006,G-364:c0003,G-364:c0006,33.47279977798462,21.234000325202942,33.47279977798462,12.238799452781677,0.0,12.238799452781677,beneficial_reversal,12.238799452781677
G-364,104,500,156,G-000156.json,G-364:c0000|G-364:c0006,G-364:c0000|G-364:c0003,G-364:c0000|G-364:c0006,G-364:c0003,G-364:c0006,33.47279977798462,21.234000325202942,33.47279977798462,12.238799452781677,0.0,12.238799452781677,beneficial_reversal,12.238799452781677
G-364,105,500,156,G-000156.json,G-364:c0000|G-364:c0006,G-364:c0000|G-364:c0003,G-364:c0000|G-364:c0006,G-364:c0003,G-364:c0006,33.47279977798462,21.234000325202942,33.47279977798462,12.238799452781677,0.0,12.238799452781677,beneficial_reversal,12.238799452781677
G-364,101,50,412,G-000412.json,G-364:c0000|G-364:c0006,G-364:c0000|G-364:c0003,G-364:c0000|G-364:c0006,G-364:c0003,G-364:c0006,42.47380065917969,30.902700424194336,42.47380065917969,11.571100234985352,0.0,11.571100234985352,beneficial_reversal,11.571100234985352
G-364,102,50,412,G-000412.json,G-364:c0000|G-364:c0006,G-364:c0000|G-364:c0003,G-364:c0000|G-364:c0006,G-364:c0003,G-364:c0006,42.47380065917969,30.902700424194336,42.47380065917969,11.571100234985352,0.0,11.571100234985352,beneficial_reversal,11.571100234985352
G-364,105,50,412,G-000412.json,G-364:c0000|G-364:c0006,G-364:c0000|G-364:c0003,G-364:c0000|G-364:c0006,G-364:c0003,G-364:c0006,42.47380065917969,30.902700424194336,42.47380065917969,11.571100234985352,0.0,11.571100234985352,beneficial_reversal,11.571100234985352
G-364,101,100,412,G-000412.json,G-364:c0000|G-364:c0006,G-364:c0000|G-364:c0003,G-364:c0000|G-364:c0006,G-364:c0003,G-364:c0006,42.47380065917969,30.902700424194336,42.47380065917969,11.571100234985352,0.0,11.571100234985352,beneficial_reversal,11.571100234985352
G-364,102,100,412,G-000412.json,G-364:c0000|G-364:c0006,G-364:c0000|G-364:c0003,G-364:c0000|G-364:c0006,G-364:c0003,G-364:c0006,42.47380065917969,30.902700424194336,42.47380065917969,11.571100234985352,0.0,11.571100234985352,beneficial_reversal,11.571100234985352
G-364,104,100,412,G-000412.json,G-364:c0000|G-364:c0006,G-364:c0000|G-364:c0003,G-364:c0000|G-364:c0006,G-364:c0003,G-364:c0006,42.47380065917969,30.902700424194336,42.47380065917969,11.571100234985352,0.0,11.571100234985352,beneficial_reversal,11.571100234985352
G-364,105,100,412,G-000412.json,G-364:c0000|G-364:c0006,G-364:c0000|G-364:c0003,G-364:c0000|G-364:c0006,G-364:c0003,G-364:c0006,42.47380065917969,30.902700424194336,42.47380065917969,11.571100234985352,0.0,11.571100234985352,beneficial_reversal,11.571100234985352
G-398,101,50,837,G-000837.json,G-398:c0002|G-398:c0009|G-398:c0032,G-398:c0010|G-398:c0030,G-398:c0002|G-398:c0009|G-398:c0032,G-398:c0010|G-398:c0030,G-398:c0002|G-398:c0009|G-398:c0032,120.74899864196777,97.13669860363007,120.74899864196777,23.612300038337708,0.0,23.612300038337708,beneficial_reversal,23.612300038337708
G-398,102,50,837,G-000837.json,G-398:c0002|G-398:c0009|G-398:c0032,G-398:c0010|G-398:c0030,G-398:c0002|G-398:c0009|G-398:c0032,G-398:c0010|G-398:c0030,G-398:c0002|G-398:c0009|G-398:c0032,120.74899864196777,97.13669860363007,120.74899864196777,23.612300038337708,0.0,23.612300038337708,beneficial_reversal,23.612300038337708
G-398,103,50,837,G-000837.json,G-398:c0002|G-398:c0009|G-398:c0032,G-398:c0010|G-398:c0030,G-398:c0002|G-398:c0009|G-398:c0032,G-398:c0010|G-398:c0030,G-398:c0002|G-398:c0009|G-398:c0032,120.74899864196777,97.13669860363007,120.74899864196777,23.612300038337708,0.0,23.612300038337708,beneficial_reversal,23.612300038337708
G-398,104,50,837,G-000837.json,G-398:c0002|G-398:c0009|G-398:c0032,G-398:c0010|G-398:c0030,G-398:c0002|G-398:c0009|G-398:c0032,G-398:c0010|G-398:c0030,G-398:c0002|G-398:c0009|G-398:c0032,120.74899864196777,97.13669860363007,120.74899864196777,23.612300038337708,0.0,23.612300038337708,beneficial_reversal,23.612300038337708
G-398,105,50,837,G-000837.json,G-398:c0002|G-398:c0009|G-398:c0032,G-398:c0010|G-398:c0030,G-398:c0002|G-398:c0009|G-398:c0032,G-398:c0010|G-398:c0030,G-398:c0002|G-398:c0009|G-398:c0032,120.74899864196777,97.13669860363007,120.74899864196777,23.612300038337708,0.0,23.612300038337708,beneficial_reversal,23.612300038337708
G-398,101,100,837,G-000837.json,G-398:c0002|G-398:c0009|G-398:c0032,G-398:c0010|G-398:c0030,G-398:c0002|G-398:c0009|G-398:c0032,G-398:c0010|G-398:c0030,G-398:c0002|G-398:c0009|G-398:c0032,120.74899864196777,97.13669860363007,120.74899864196777,23.612300038337708,0.0,23.612300038337708,beneficial_reversal,23.612300038337708
G-398,102,100,837,G-000837.json,G-398:c0002|G-398:c0009|G-398:c0032,G-398:c0010|G-398:c0030,G-398:c0002|G-398:c0009|G-398:c0032,G-398:c0010|G-398:c0030,G-398:c0002|G-398:c0009|G-398:c0032,120.74899864196777,97.13669860363007,120.74899864196777,23.612300038337708,0.0,23.612300038337708,beneficial_reversal,23.612300038337708
G-398,103,100,837,G-000837.json,G-398:c0002|G-398:c0009|G-398:c0032,G-398:c0010|G-398:c0030,G-398:c0002|G-398:c0009|G-398:c0032,G-398:c0010|G-398:c0030,G-398:c0002|G-398:c0009|G-398:c0032,120.74899864196777,97.13669860363007,120.74899864196777,23.612300038337708,0.0,23.612300038337708,beneficial_reversal,23.612300038337708
G-398,104,100,837,G-000837.json,G-398:c0002|G-398:c0009|G-398:c0032,G-398:c0010|G-398:c0030,G-398:c0002|G-398:c0009|G-398:c0032,G-398:c0010|G-398:c0030,G-398:c0002|G-398:c0009|G-398:c0032,120.74899864196777,97.13669860363007,120.74899864196777,23.612300038337708,0.0,23.612300038337708,beneficial_reversal,23.612300038337708
G-398,105,100,837,G-000837.json,G-398:c0002|G-398:c0009|G-398:c0032,G-398:c0010|G-398:c0030,G-398:c0002|G-398:c0009|G-398:c0032,G-398:c0010|G-398:c0030,G-398:c0002|G-398:c0009|G-398:c0032,120.74899864196777,97.13669860363007,120.74899864196777,23.612300038337708,0.0,23.612300038337708,beneficial_reversal,23.612300038337708
G-398,101,500,837,G-000837.json,G-398:c0002|G-398:c0009|G-398:c0032,G-398:c0010|G-398:c0030,G-398:c0002|G-398:c0009|G-398:c0032,G-398:c0010|G-398:c0030,G-398:c0002|G-398:c0009|G-398:c0032,120.74899864196777,97.13669860363007,120.74899864196777,23.612300038337708,0.0,23.612300038337708,beneficial_reversal,23.612300038337708
G-398,102,500,837,G-000837.json,G-398:c0002|G-398:c0009|G-398:c0032,G-398:c0010|G-398:c0030,G-398:c0002|G-398:c0009|G-398:c0032,G-398:c0010|G-398:c0030,G-398:c0002|G-398:c0009|G-398:c0032,120.74899864196777,97.13669860363007,120.74899864196777,23.612300038337708,0.0,23.612300038337708,beneficial_reversal,23.612300038337708
G-398,103,500,837,G-000837.json,G-398:c0002|G-398:c0009|G-398:c0032,G-398:c0010|G-398:c0030,G-398:c0002|G-398:c0009|G-398:c0032,G-398:c0010|G-398:c0030,G-398:c0002|G-398:c0009|G-398:c0032,120.74899864196777,97.13669860363007,120.74899864196777,23.612300038337708,0.0,23.612300038337708,beneficial_reversal,23.612300038337708
G-398,104,500,837,G-000837.json,G-398:c0002|G-398:c0009|G-398:c0032,G-398:c0010|G-398:c0030,G-398:c0002|G-398:c0009|G-398:c0032,G-398:c0010|G-398:c0030,G-398:c0002|G-398:c0009|G-398:c0032,120.74899864196777,97.13669860363007,120.74899864196777,23.612300038337708,0.0,23.612300038337708,beneficial_reversal,23.612300038337708
G-398,105,500,837,G-000837.json,G-398:c0002|G-398:c0009|G-398:c0032,G-398:c0010|G-398:c0030,G-398:c0002|G-398:c0009|G-398:c0032,G-398:c0010|G-398:c0030,G-398:c0002|G-398:c0009|G-398:c0032,120.74899864196777,97.13669860363007,120.74899864196777,23.612300038337708,0.0,23.612300038337708,beneficial_reversal,23.612300038337708
G-398,101,50,56,G-000056.json,G-398:c0002|G-398:c0009|G-398:c0032,G-398:c0010|G-398:c0030,G-398:c0002|G-398:c0009|G-398:c0032,G-398:c0010|G-398:c0030,G-398:c0002|G-398:c0009|G-398:c0032,96.75569987297058,74.17930060625076,96.75569987297058,22.576399266719818,0.0,22.576399266719818,beneficial_reversal,22.576399266719818
G-398,102,50,56,G-000056.json,G-398:c0002|G-398:c0009|G-398:c0032,G-398:c0010|G-398:c0030,G-398:c0002|G-398:c0009|G-398:c0032,G-398:c0010|G-398:c0030,G-398:c0002|G-398:c0009|G-398:c0032,96.75569987297058,74.17930060625076,96.75569987297058,22.576399266719818,0.0,22.576399266719818,beneficial_reversal,22.576399266719818
G-398,103,50,56,G-000056.json,G-398:c0002|G-398:c0009|G-398:c0032,G-398:c0010|G-398:c0030,G-398:c0002|G-398:c0009|G-398:c0032,G-398:c0010|G-398:c0030,G-398:c0002|G-398:c0009|G-398:c0032,96.75569987297058,74.17930060625076,96.75569987297058,22.576399266719818,0.0,22.576399266719818,beneficial_reversal,22.576399266719818
G-398,104,50,56,G-000056.json,G-398:c0002|G-398:c0009|G-398:c0032,G-398:c0010|G-398:c0030,G-398:c0002|G-398:c0009|G-398:c0032,G-398:c0010|G-398:c0030,G-398:c0002|G-398:c0009|G-398:c0032,96.75569987297058,74.17930060625076,96.75569987297058,22.576399266719818,0.0,22.576399266719818,beneficial_reversal,22.576399266719818
G-398,105,50,56,G-000056.json,G-398:c0002|G-398:c0009|G-398:c0032,G-398:c0010|G-398:c0030,G-398:c0002|G-398:c0009|G-398:c0032,G-398:c0010|G-398:c0030,G-398:c0002|G-398:c0009|G-398:c0032,96.75569987297058,74.17930060625076,96.75569987297058,22.576399266719818,0.0,22.576399266719818,beneficial_reversal,22.576399266719818
G-784,101,50,472,G-000472.json,G-784:c0002|G-784:c0011|G-784:c0027|G-784:c0042,G-784:c0002|G-784:c0011|G-784:c0026|G-784:c0043,G-784:c0002|G-784:c0011|G-784:c0027|G-784:c0042,G-784:c0026|G-784:c0043,G-784:c0027|G-784:c0042,81.67690086364746,55.976500272750854,81.67690086364746,25.700400590896606,0.0,25.700400590896606,beneficial_reversal,25.700400590896606
G-784,102,50,472,G-000472.json,G-784:c0002|G-784:c0011|G-784:c0027|G-784:c0042,G-784:c0002|G-784:c0011|G-784:c0026|G-784:c0043,G-784:c0002|G-784:c0011|G-784:c0027|G-784:c0042,G-784:c0026|G-784:c0043,G-784:c0027|G-784:c0042,81.67690086364746,55.976500272750854,81.67690086364746,25.700400590896606,0.0,25.700400590896606,beneficial_reversal,25.700400590896606
G-784,103,50,472,G-000472.json,G-784:c0002|G-784:c0011|G-784:c0027|G-784:c0042,G-784:c0002|G-784:c0011|G-784:c0026|G-784:c0043,G-784:c0002|G-784:c0011|G-784:c0027|G-784:c0042,G-784:c0026|G-784:c0043,G-784:c0027|G-784:c0042,81.67690086364746,55.976500272750854,81.67690086364746,25.700400590896606,0.0,25.700400590896606,beneficial_reversal,25.700400590896606
G-784,104,50,472,G-000472.json,G-784:c0002|G-784:c0011|G-784:c0027|G-784:c0042,G-784:c0002|G-784:c0011|G-784:c0026|G-784:c0043,G-784:c0002|G-784:c0011|G-784:c0027|G-784:c0042,G-784:c0026|G-784:c0043,G-784:c0027|G-784:c0042,81.67690086364746,55.976500272750854,81.67690086364746,25.700400590896606,0.0,25.700400590896606,beneficial_reversal,25.700400590896606
G-784,105,50,472,G-000472.json,G-784:c0002|G-784:c0011|G-784:c0027|G-784:c0042,G-784:c0002|G-784:c0011|G-784:c0026|G-784:c0043,G-784:c0002|G-784:c0011|G-784:c0027|G-784:c0042,G-784:c0026|G-784:c0043,G-784:c0027|G-784:c0042,81.67690086364746,55.976500272750854,81.67690086364746,25.700400590896606,0.0,25.700400590896606,beneficial_reversal,25.700400590896606
G-784,101,100,472,G-000472.json,G-784:c0002|G-784:c0011|G-784:c0027|G-784:c0042,G-784:c0002|G-784:c0011|G-784:c0026|G-784:c0043,G-784:c0002|G-784:c0011|G-784:c0027|G-784:c0042,G-784:c0026|G-784:c0043,G-784:c0027|G-784:c0042,81.67690086364746,55.976500272750854,81.67690086364746,25.700400590896606,0.0,25.700400590896606,beneficial_reversal,25.700400590896606
G-784,102,100,472,G-000472.json,G-784:c0002|G-784:c0011|G-784:c0027|G-784:c0042,G-784:c0002|G-784:c0011|G-784:c0026|G-784:c0043,G-784:c0002|G-784:c0011|G-784:c0027|G-784:c0042,G-784:c0026|G-784:c0043,G-784:c0027|G-784:c0042,81.67690086364746,55.976500272750854,81.67690086364746,25.700400590896606,0.0,25.700400590896606,beneficial_reversal,25.700400590896606
G-784,103,100,472,G-000472.json,G-784:c0002|G-784:c0011|G-784:c0027|G-784:c0042,G-784:c0002|G-784:c0011|G-784:c0026|G-784:c0043,G-784:c0002|G-784:c0011|G-784:c0027|G-784:c0042,G-784:c0026|G-784:c0043,G-784:c0027|G-784:c0042,81.67690086364746,55.976500272750854,81.67690086364746,25.700400590896606,0.0,25.700400590896606,beneficial_reversal,25.700400590896606
G-784,104,100,472,G-000472.json,G-784:c0002|G-784:c0011|G-784:c0027|G-784:c0042,G-784:c0002|G-784:c0011|G-784:c0026|G-784:c0043,G-784:c0002|G-784:c0011|G-784:c0027|G-784:c0042,G-784:c0026|G-784:c0043,G-784:c0027|G-784:c0042,81.67690086364746,55.976500272750854,81.67690086364746,25.700400590896606,0.0,25.700400590896606,beneficial_reversal,25.700400590896606
G-784,105,100,472,G-000472.json,G-784:c0002|G-784:c0011|G-784:c0027|G-784:c0042,G-784:c0002|G-784:c0011|G-784:c0026|G-784:c0043,G-784:c0002|G-784:c0011|G-784:c0027|G-784:c0042,G-784:c0026|G-784:c0043,G-784:c0027|G-784:c0042,81.67690086364746,55.976500272750854,81.67690086364746,25.700400590896606,0.0,25.700400590896606,beneficial_reversal,25.700400590896606
G-784,101,500,472,G-000472.json,G-784:c0002|G-784:c0011|G-784:c0027|G-784:c0042,G-784:c0002|G-784:c0011|G-784:c0026|G-784:c0043,G-784:c0002|G-784:c0011|G-784:c0027|G-784:c0042,G-784:c0026|G-784:c0043,G-784:c0027|G-784:c0042,81.67690086364746,55.976500272750854,81.67690086364746,25.700400590896606,0.0,25.700400590896606,beneficial_reversal,25.700400590896606
G-784,102,500,472,G-000472.json,G-784:c0002|G-784:c0011|G-784:c0027|G-784:c0042,G-784:c0002|G-784:c0011|G-784:c0026|G-784:c0043,G-784:c0002|G-784:c0011|G-784:c0027|G-784:c0042,G-784:c0026|G-784:c0043,G-784:c0027|G-784:c0042,81.67690086364746,55.976500272750854,81.67690086364746,25.700400590896606,0.0,25.700400590896606,beneficial_reversal,25.700400590896606
G-784,103,500,472,G-000472.json,G-784:c0002|G-784:c0011|G-784:c0027|G-784:c0042,G-784:c0002|G-784:c0011|G-784:c0026|G-784:c0043,G-784:c0002|G-784:c0011|G-784:c0027|G-784:c0042,G-784:c0026|G-784:c0043,G-784:c0027|G-784:c0042,81.67690086364746,55.976500272750854,81.67690086364746,25.700400590896606,0.0,25.700400590896606,beneficial_reversal,25.700400590896606
G-784,104,500,472,G-000472.json,G-784:c0002|G-784:c0011|G-784:c0027|G-784:c0042,G-784:c0002|G-784:c0011|G-784:c0026|G-784:c0043,G-784:c0002|G-784:c0011|G-784:c0027|G-784:c0042,G-784:c0026|G-784:c0043,G-784:c0027|G-784:c0042,81.67690086364746,55.976500272750854,81.67690086364746,25.700400590896606,0.0,25.700400590896606,beneficial_reversal,25.700400590896606
G-784,105,500,472,G-000472.json,G-784:c0002|G-784:c0011|G-784:c0027|G-784:c0042,G-784:c0002|G-784:c0011|G-784:c0026|G-784:c0043,G-784:c0002|G-784:c0011|G-784:c0027|G-784:c0042,G-784:c0026|G-784:c0043,G-784:c0027|G-784:c0042,81.67690086364746,55.976500272750854,81.67690086364746,25.700400590896606,0.0,25.700400590896606,beneficial_reversal,25.700400590896606
G-784,101,50,300,G-000300.json,G-784:c0003|G-784:c0040|G-784:c0042,G-784:c0002|G-784:c0011|G-784:c0026|G-784:c0043,G-784:c0002|G-784:c0011|G-784:c0027|G-784:c0042,G-784:c0026|G-784:c0043,G-784:c0027|G-784:c0042,78.34019881486893,52.12909960746765,76.88489866256714,26.211099207401276,1.4553001523017883,24.755799055099487,beneficial_reversal,24.755799055099487
G-784,102,50,300,G-000300.json,G-784:c0003|G-784:c0040|G-784:c0042,G-784:c0002|G-784:c0011|G-784:c0026|G-784:c0043,G-784:c0002|G-784:c0011|G-784:c0027|G-784:c0042,G-784:c0026|G-784:c0043,G-784:c0027|G-784:c0042,78.34019881486893,52.12909960746765,76.88489866256714,26.211099207401276,1.4553001523017883,24.755799055099487,beneficial_reversal,24.755799055099487
G-784,103,50,300,G-000300.json,G-784:c0003|G-784:c0040|G-784:c0042,G-784:c0002|G-784:c0011|G-784:c0026|G-784:c0043,G-784:c0002|G-784:c0011|G-784:c0027|G-784:c0042,G-784:c0026|G-784:c0043,G-784:c0027|G-784:c0042,78.34019881486893,52.12909960746765,76.88489866256714,26.211099207401276,1.4553001523017883,24.755799055099487,beneficial_reversal,24.755799055099487
G-784,104,50,300,G-000300.json,G-784:c0003|G-784:c0040|G-784:c0042,G-784:c0002|G-784:c0011|G-784:c0026|G-784:c0043,G-784:c0002|G-784:c0011|G-784:c0027|G-784:c0042,G-784:c0026|G-784:c0043,G-784:c0027|G-784:c0042,78.34019881486893,52.12909960746765,76.88489866256714,26.211099207401276,1.4553001523017883,24.755799055099487,beneficial_reversal,24.755799055099487
G-784,105,50,300,G-000300.json,G-784:c0003|G-784:c0040|G-784:c0042,G-784:c0002|G-784:c0011|G-784:c0026|G-784:c0043,G-784:c0002|G-784:c0011|G-784:c0027|G-784:c0042,G-784:c0026|G-784:c0043,G-784:c0027|G-784:c0042,78.34019881486893,52.12909960746765,76.88489866256714,26.211099207401276,1.4553001523017883,24.755799055099487,beneficial_reversal,24.755799055099487
G-79,101,50,656,G-000656.json,G-79:c0001|G-79:c0019,G-79:c0001|G-79:c0015,G-79:c0004|G-79:c0020,G-79:c0001|G-79:c0015,G-79:c0004|G-79:c0020,41.235398933291435,37.7014991492033,16.456000089645386,3.5338997840881348,24.77939884364605,-21.245499059557915,harmful_reversal,21.245499059557915
G-79,102,50,656,G-000656.json,G-79:c0001|G-79:c0019,G-79:c0001|G-79:c0015,G-79:c0004|G-79:c0020,G-79:c0001|G-79:c0015,G-79:c0004|G-79:c0020,41.235398933291435,37.7014991492033,16.456000089645386,3.5338997840881348,24.77939884364605,-21.245499059557915,harmful_reversal,21.245499059557915
G-79,104,50,656,G-000656.json,G-79:c0001|G-79:c0019,G-79:c0001|G-79:c0015,G-79:c0004|G-79:c0020,G-79:c0001|G-79:c0015,G-79:c0004|G-79:c0020,41.235398933291435,37.7014991492033,16.456000089645386,3.5338997840881348,24.77939884364605,-21.245499059557915,harmful_reversal,21.245499059557915
G-79,101,100,656,G-000656.json,G-79:c0001|G-79:c0019,G-79:c0001|G-79:c0015,G-79:c0004|G-79:c0020,G-79:c0001|G-79:c0015,G-79:c0004|G-79:c0020,41.235398933291435,37.7014991492033,16.456000089645386,3.5338997840881348,24.77939884364605,-21.245499059557915,harmful_reversal,21.245499059557915
G-79,102,100,656,G-000656.json,G-79:c0001|G-79:c0019,G-79:c0001|G-79:c0015,G-79:c0004|G-79:c0020,G-79:c0001|G-79:c0015,G-79:c0004|G-79:c0020,41.235398933291435,37.7014991492033,16.456000089645386,3.5338997840881348,24.77939884364605,-21.245499059557915,harmful_reversal,21.245499059557915
G-79,103,100,656,G-000656.json,G-79:c0001|G-79:c0019,G-79:c0001|G-79:c0015,G-79:c0004|G-79:c0020,G-79:c0001|G-79:c0015,G-79:c0004|G-79:c0020,41.235398933291435,37.7014991492033,16.456000089645386,3.5338997840881348,24.77939884364605,-21.245499059557915,harmful_reversal,21.245499059557915
G-79,104,100,656,G-000656.json,G-79:c0001|G-79:c0019,G-79:c0001|G-79:c0015,G-79:c0004|G-79:c0020,G-79:c0001|G-79:c0015,G-79:c0004|G-79:c0020,41.235398933291435,37.7014991492033,16.456000089645386,3.5338997840881348,24.77939884364605,-21.245499059557915,harmful_reversal,21.245499059557915
G-79,105,100,656,G-000656.json,G-79:c0001|G-79:c0019,G-79:c0001|G-79:c0015,G-79:c0004|G-79:c0020,G-79:c0001|G-79:c0015,G-79:c0004|G-79:c0020,41.235398933291435,37.7014991492033,16.456000089645386,3.5338997840881348,24.77939884364605,-21.245499059557915,harmful_reversal,21.245499059557915
G-79,101,500,656,G-000656.json,G-79:c0001|G-79:c0019,G-79:c0001|G-79:c0015,G-79:c0004|G-79:c0020,G-79:c0001|G-79:c0015,G-79:c0004|G-79:c0020,41.235398933291435,37.7014991492033,16.456000089645386,3.5338997840881348,24.77939884364605,-21.245499059557915,harmful_reversal,21.245499059557915
G-79,102,500,656,G-000656.json,G-79:c0001|G-79:c0019,G-79:c0001|G-79:c0015,G-79:c0004|G-79:c0020,G-79:c0001|G-79:c0015,G-79:c0004|G-79:c0020,41.235398933291435,37.7014991492033,16.456000089645386,3.5338997840881348,24.77939884364605,-21.245499059557915,harmful_reversal,21.245499059557915
G-79,103,500,656,G-000656.json,G-79:c0001|G-79:c0019,G-79:c0001|G-79:c0015,G-79:c0004|G-79:c0020,G-79:c0001|G-79:c0015,G-79:c0004|G-79:c0020,41.235398933291435,37.7014991492033,16.456000089645386,3.5338997840881348,24.77939884364605,-21.245499059557915,harmful_reversal,21.245499059557915
G-79,104,500,656,G-000656.json,G-79:c0001|G-79:c0019,G-79:c0001|G-79:c0015,G-79:c0004|G-79:c0020,G-79:c0001|G-79:c0015,G-79:c0004|G-79:c0020,41.235398933291435,37.7014991492033,16.456000089645386,3.5338997840881348,24.77939884364605,-21.245499059557915,harmful_reversal,21.245499059557915
G-79,105,500,656,G-000656.json,G-79:c0001|G-79:c0019,G-79:c0001|G-79:c0015,G-79:c0004|G-79:c0020,G-79:c0001|G-79:c0015,G-79:c0004|G-79:c0020,41.235398933291435,37.7014991492033,16.456000089645386,3.5338997840881348,24.77939884364605,-21.245499059557915,harmful_reversal,21.245499059557915
G-79,102,50,965,G-000965.json,G-79:c0001|G-79:c0015,G-79:c0001|G-79:c0015,G-79:c0004|G-79:c0020,G-79:c0001|G-79:c0015,G-79:c0004|G-79:c0020,42.96609938144684,42.96609938144684,23.45199966430664,0.0,19.514099717140198,-19.514099717140198,harmful_reversal,19.514099717140198
G-79,103,100,965,G-000965.json,G-79:c0001|G-79:c0015,G-79:c0001|G-79:c0015,G-79:c0004|G-79:c0020,G-79:c0001|G-79:c0015,G-79:c0004|G-79:c0020,42.96609938144684,42.96609938144684,23.45199966430664,0.0,19.514099717140198,-19.514099717140198,harmful_reversal,19.514099717140198
G-79,104,100,965,G-000965.json,G-79:c0001|G-79:c0015,G-79:c0001|G-79:c0015,G-79:c0004|G-79:c0020,G-79:c0001|G-79:c0015,G-79:c0004|G-79:c0020,42.96609938144684,42.96609938144684,23.45199966430664,0.0,19.514099717140198,-19.514099717140198,harmful_reversal,19.514099717140198
G-79,101,500,965,G-000965.json,G-79:c0001|G-79:c0015,G-79:c0001|G-79:c0015,G-79:c0004|G-79:c0020,G-79:c0001|G-79:c0015,G-79:c0004|G-79:c0020,42.96609938144684,42.96609938144684,23.45199966430664,0.0,19.514099717140198,-19.514099717140198,harmful_reversal,19.514099717140198
G-79,103,500,965,G-000965.json,G-79:c0001|G-79:c0015,G-79:c0001|G-79:c0015,G-79:c0004|G-79:c0020,G-79:c0001|G-79:c0015,G-79:c0004|G-79:c0020,42.96609938144684,42.96609938144684,23.45199966430664,0.0,19.514099717140198,-19.514099717140198,harmful_reversal,19.514099717140198
G-79,102,50,592,G-000592.json,G-79:c0001|G-79:c0020,G-79:c0001|G-79:c0015,G-79:c0004|G-79:c0020,G-79:c0001|G-79:c0015,G-79:c0004|G-79:c0020,37.83289957046509,37.625699520111084,18.383999824523926,0.2072000503540039,19.448899745941162,-19.241699695587158,harmful_reversal,19.241699695587158
G-79,105,50,592,G-000592.json,G-79:c0001|G-79:c0020,G-79:c0001|G-79:c0015,G-79:c0004|G-79:c0020,G-79:c0001|G-79:c0015,G-79:c0004|G-79:c0020,37.83289957046509,37.625699520111084,18.383999824523926,0.2072000503540039,19.448899745941162,-19.241699695587158,harmful_reversal,19.241699695587158
G-836,101,50,744,G-000744.json,G-836:c0011|G-836:c0037,G-836:c0011|G-836:c0037,G-836:c0011|G-836:c0035,G-836:c0037,G-836:c0035,58.65839910507202,58.65839910507202,47.84649872779846,0.0,10.81190037727356,-10.81190037727356,harmful_reversal,10.81190037727356
G-836,102,50,744,G-000744.json,G-836:c0011|G-836:c0037,G-836:c0011|G-836:c0037,G-836:c0011|G-836:c0035,G-836:c0037,G-836:c0035,58.65839910507202,58.65839910507202,47.84649872779846,0.0,10.81190037727356,-10.81190037727356,harmful_reversal,10.81190037727356
G-836,103,50,744,G-000744.json,G-836:c0011|G-836:c0037,G-836:c0011|G-836:c0037,G-836:c0011|G-836:c0035,G-836:c0037,G-836:c0035,58.65839910507202,58.65839910507202,47.84649872779846,0.0,10.81190037727356,-10.81190037727356,harmful_reversal,10.81190037727356
G-836,104,50,744,G-000744.json,G-836:c0011|G-836:c0037,G-836:c0011|G-836:c0037,G-836:c0011|G-836:c0035,G-836:c0037,G-836:c0035,58.65839910507202,58.65839910507202,47.84649872779846,0.0,10.81190037727356,-10.81190037727356,harmful_reversal,10.81190037727356
G-836,102,100,744,G-000744.json,G-836:c0011|G-836:c0037,G-836:c0011|G-836:c0037,G-836:c0011|G-836:c0035,G-836:c0037,G-836:c0035,58.65839910507202,58.65839910507202,47.84649872779846,0.0,10.81190037727356,-10.81190037727356,harmful_reversal,10.81190037727356
G-836,103,100,744,G-000744.json,G-836:c0011|G-836:c0037,G-836:c0011|G-836:c0037,G-836:c0011|G-836:c0035,G-836:c0037,G-836:c0035,58.65839910507202,58.65839910507202,47.84649872779846,0.0,10.81190037727356,-10.81190037727356,harmful_reversal,10.81190037727356
G-836,104,100,744,G-000744.json,G-836:c0011|G-836:c0037,G-836:c0011|G-836:c0037,G-836:c0011|G-836:c0035,G-836:c0037,G-836:c0035,58.65839910507202,58.65839910507202,47.84649872779846,0.0,10.81190037727356,-10.81190037727356,harmful_reversal,10.81190037727356
G-836,101,500,744,G-000744.json,G-836:c0011|G-836:c0037,G-836:c0011|G-836:c0037,G-836:c0011|G-836:c0035,G-836:c0037,G-836:c0035,58.65839910507202,58.65839910507202,47.84649872779846,0.0,10.81190037727356,-10.81190037727356,harmful_reversal,10.81190037727356
G-836,102,500,744,G-000744.json,G-836:c0011|G-836:c0037,G-836:c0011|G-836:c0037,G-836:c0011|G-836:c0035,G-836:c0037,G-836:c0035,58.65839910507202,58.65839910507202,47.84649872779846,0.0,10.81190037727356,-10.81190037727356,harmful_reversal,10.81190037727356
G-836,103,500,744,G-000744.json,G-836:c0011|G-836:c0037,G-836:c0011|G-836:c0037,G-836:c0011|G-836:c0035,G-836:c0037,G-836:c0035,58.65839910507202,58.65839910507202,47.84649872779846,0.0,10.81190037727356,-10.81190037727356,harmful_reversal,10.81190037727356
G-836,104,500,744,G-000744.json,G-836:c0011|G-836:c0037,G-836:c0011|G-836:c0037,G-836:c0011|G-836:c0035,G-836:c0037,G-836:c0035,58.65839910507202,58.65839910507202,47.84649872779846,0.0,10.81190037727356,-10.81190037727356,harmful_reversal,10.81190037727356
G-836,101,50,616,G-000616.json,G-836:c0017|G-836:c0037,G-836:c0011|G-836:c0037,G-836:c0011|G-836:c0035,G-836:c0037,G-836:c0035,51.02899994328618,48.43680000305176,38.59299969673157,2.5921999402344227,12.436000246554613,-9.84380030632019,harmful_reversal,9.84380030632019
G-836,102,50,616,G-000616.json,G-836:c0017|G-836:c0037,G-836:c0011|G-836:c0037,G-836:c0011|G-836:c0035,G-836:c0037,G-836:c0035,51.02899994328618,48.43680000305176,38.59299969673157,2.5921999402344227,12.436000246554613,-9.84380030632019,harmful_reversal,9.84380030632019
G-836,103,50,616,G-000616.json,G-836:c0017|G-836:c0037,G-836:c0011|G-836:c0037,G-836:c0011|G-836:c0035,G-836:c0037,G-836:c0035,51.02899994328618,48.43680000305176,38.59299969673157,2.5921999402344227,12.436000246554613,-9.84380030632019,harmful_reversal,9.84380030632019
G-836,104,50,616,G-000616.json,G-836:c0017|G-836:c0037,G-836:c0011|G-836:c0037,G-836:c0011|G-836:c0035,G-836:c0037,G-836:c0035,51.02899994328618,48.43680000305176,38.59299969673157,2.5921999402344227,12.436000246554613,-9.84380030632019,harmful_reversal,9.84380030632019
G-836,105,50,616,G-000616.json,G-836:c0017|G-836:c0037,G-836:c0011|G-836:c0037,G-836:c0011|G-836:c0035,G-836:c0037,G-836:c0035,51.02899994328618,48.43680000305176,38.59299969673157,2.5921999402344227,12.436000246554613,-9.84380030632019,harmful_reversal,9.84380030632019
G-836,101,100,616,G-000616.json,G-836:c0017|G-836:c0037,G-836:c0011|G-836:c0037,G-836:c0011|G-836:c0035,G-836:c0037,G-836:c0035,51.02899994328618,48.43680000305176,38.59299969673157,2.5921999402344227,12.436000246554613,-9.84380030632019,harmful_reversal,9.84380030632019
G-836,102,100,616,G-000616.json,G-836:c0017|G-836:c0037,G-836:c0011|G-836:c0037,G-836:c0011|G-836:c0035,G-836:c0037,G-836:c0035,51.02899994328618,48.43680000305176,38.59299969673157,2.5921999402344227,12.436000246554613,-9.84380030632019,harmful_reversal,9.84380030632019
G-836,103,100,616,G-000616.json,G-836:c0017|G-836:c0037,G-836:c0011|G-836:c0037,G-836:c0011|G-836:c0035,G-836:c0037,G-836:c0035,51.02899994328618,48.43680000305176,38.59299969673157,2.5921999402344227,12.436000246554613,-9.84380030632019,harmful_reversal,9.84380030632019
G-836,104,100,616,G-000616.json,G-836:c0017|G-836:c0037,G-836:c0011|G-836:c0037,G-836:c0011|G-836:c0035,G-836:c0037,G-836:c0035,51.02899994328618,48.43680000305176,38.59299969673157,2.5921999402344227,12.436000246554613,-9.84380030632019,harmful_reversal,9.84380030632019
G-970,102,50,491,G-000491.json,G-970:c0003|G-970:c0034|G-970:c0058,G-970:c0000|G-970:c0028|G-970:c0080,G-970:c0003|G-970:c0005|G-970:c0034|G-970:c0036,G-970:c0000|G-970:c0028|G-970:c0080,G-970:c0003|G-970:c0005|G-970:c0034|G-970:c0036,130.57349824905396,78.90080040693283,122.9023985862732,51.672697842121124,7.671099662780762,44.00159817934036,beneficial_reversal,44.00159817934036
G-970,104,50,491,G-000491.json,G-970:c0003|G-970:c0034|G-970:c0058,G-970:c0000|G-970:c0028|G-970:c0080,G-970:c0003|G-970:c0005|G-970:c0034|G-970:c0036,G-970:c0000|G-970:c0028|G-970:c0080,G-970:c0003|G-970:c0005|G-970:c0034|G-970:c0036,130.57349824905396,78.90080040693283,122.9023985862732,51.672697842121124,7.671099662780762,44.00159817934036,beneficial_reversal,44.00159817934036
G-970,105,50,491,G-000491.json,G-970:c0003|G-970:c0034|G-970:c0058,G-970:c0000|G-970:c0028|G-970:c0080,G-970:c0003|G-970:c0005|G-970:c0034|G-970:c0036,G-970:c0000|G-970:c0028|G-970:c0080,G-970:c0003|G-970:c0005|G-970:c0034|G-970:c0036,130.57349824905396,78.90080040693283,122.9023985862732,51.672697842121124,7.671099662780762,44.00159817934036,beneficial_reversal,44.00159817934036
G-970,101,100,491,G-000491.json,G-970:c0003|G-970:c0034|G-970:c0058,G-970:c0000|G-970:c0028|G-970:c0080,G-970:c0003|G-970:c0005|G-970:c0034|G-970:c0036,G-970:c0000|G-970:c0028|G-970:c0080,G-970:c0003|G-970:c0005|G-970:c0034|G-970:c0036,130.57349824905396,78.90080040693283,122.9023985862732,51.672697842121124,7.671099662780762,44.00159817934036,beneficial_reversal,44.00159817934036
G-970,102,100,491,G-000491.json,G-970:c0003|G-970:c0034|G-970:c0058,G-970:c0000|G-970:c0028|G-970:c0080,G-970:c0003|G-970:c0005|G-970:c0034|G-970:c0036,G-970:c0000|G-970:c0028|G-970:c0080,G-970:c0003|G-970:c0005|G-970:c0034|G-970:c0036,130.57349824905396,78.90080040693283,122.9023985862732,51.672697842121124,7.671099662780762,44.00159817934036,beneficial_reversal,44.00159817934036
G-970,103,100,491,G-000491.json,G-970:c0003|G-970:c0034|G-970:c0058,G-970:c0000|G-970:c0028|G-970:c0080,G-970:c0003|G-970:c0005|G-970:c0034|G-970:c0036,G-970:c0000|G-970:c0028|G-970:c0080,G-970:c0003|G-970:c0005|G-970:c0034|G-970:c0036,130.57349824905396,78.90080040693283,122.9023985862732,51.672697842121124,7.671099662780762,44.00159817934036,beneficial_reversal,44.00159817934036
G-970,104,100,491,G-000491.json,G-970:c0003|G-970:c0034|G-970:c0058,G-970:c0000|G-970:c0028|G-970:c0080,G-970:c0003|G-970:c0005|G-970:c0034|G-970:c0036,G-970:c0000|G-970:c0028|G-970:c0080,G-970:c0003|G-970:c0005|G-970:c0034|G-970:c0036,130.57349824905396,78.90080040693283,122.9023985862732,51.672697842121124,7.671099662780762,44.00159817934036,beneficial_reversal,44.00159817934036
G-970,105,100,491,G-000491.json,G-970:c0003|G-970:c0034|G-970:c0058,G-970:c0000|G-970:c0028|G-970:c0080,G-970:c0003|G-970:c0005|G-970:c0034|G-970:c0036,G-970:c0000|G-970:c0028|G-970:c0080,G-970:c0003|G-970:c0005|G-970:c0034|G-970:c0036,130.57349824905396,78.90080040693283,122.9023985862732,51.672697842121124,7.671099662780762,44.00159817934036,beneficial_reversal,44.00159817934036
G-970,101,500,491,G-000491.json,G-970:c0003|G-970:c0034|G-970:c0058,G-970:c0000|G-970:c0028|G-970:c0080,G-970:c0003|G-970:c0005|G-970:c0034|G-970:c0036,G-970:c0000|G-970:c0028|G-970:c0080,G-970:c0003|G-970:c0005|G-970:c0034|G-970:c0036,130.57349824905396,78.90080040693283,122.9023985862732,51.672697842121124,7.671099662780762,44.00159817934036,beneficial_reversal,44.00159817934036
G-970,102,500,491,G-000491.json,G-970:c0003|G-970:c0034|G-970:c0058,G-970:c0000|G-970:c0028|G-970:c0080,G-970:c0003|G-970:c0005|G-970:c0034|G-970:c0036,G-970:c0000|G-970:c0028|G-970:c0080,G-970:c0003|G-970:c0005|G-970:c0034|G-970:c0036,130.57349824905396,78.90080040693283,122.9023985862732,51.672697842121124,7.671099662780762,44.00159817934036,beneficial_reversal,44.00159817934036
G-970,103,500,491,G-000491.json,G-970:c0003|G-970:c0034|G-970:c0058,G-970:c0000|G-970:c0028|G-970:c0080,G-970:c0003|G-970:c0005|G-970:c0034|G-970:c0036,G-970:c0000|G-970:c0028|G-970:c0080,G-970:c0003|G-970:c0005|G-970:c0034|G-970:c0036,130.57349824905396,78.90080040693283,122.9023985862732,51.672697842121124,7.671099662780762,44.00159817934036,beneficial_reversal,44.00159817934036
G-970,104,500,491,G-000491.json,G-970:c0003|G-970:c0034|G-970:c0058,G-970:c0000|G-970:c0028|G-970:c0080,G-970:c0003|G-970:c0005|G-970:c0034|G-970:c0036,G-970:c0000|G-970:c0028|G-970:c0080,G-970:c0003|G-970:c0005|G-970:c0034|G-970:c0036,130.57349824905396,78.90080040693283,122.9023985862732,51.672697842121124,7.671099662780762,44.00159817934036,beneficial_reversal,44.00159817934036
G-970,105,500,491,G-000491.json,G-970:c0003|G-970:c0034|G-970:c0058,G-970:c0000|G-970:c0028|G-970:c0080,G-970:c0003|G-970:c0005|G-970:c0034|G-970:c0036,G-970:c0000|G-970:c0028|G-970:c0080,G-970:c0003|G-970:c0005|G-970:c0034|G-970:c0036,130.57349824905396,78.90080040693283,122.9023985862732,51.672697842121124,7.671099662780762,44.00159817934036,beneficial_reversal,44.00159817934036
G-970,102,50,602,G-000602.json,G-970:c0003|G-970:c0034|G-970:c0058,G-970:c0000|G-970:c0028|G-970:c0080,G-970:c0003|G-970:c0034|G-970:c0058,G-970:c0000|G-970:c0028|G-970:c0080,G-970:c0003|G-970:c0034|G-970:c0058,123.75659799575806,79.8997997045517,123.75659799575806,43.85679829120636,0.0,43.85679829120636,beneficial_reversal,43.85679829120636
G-970,104,50,602,G-000602.json,G-970:c0003|G-970:c0034|G-970:c0058,G-970:c0000|G-970:c0028|G-970:c0080,G-970:c0003|G-970:c0034|G-970:c0058,G-970:c0000|G-970:c0028|G-970:c0080,G-970:c0003|G-970:c0034|G-970:c0058,123.75659799575806,79.8997997045517,123.75659799575806,43.85679829120636,0.0,43.85679829120636,beneficial_reversal,43.85679829120636
G-970,104,100,602,G-000602.json,G-970:c0003|G-970:c0034|G-970:c0058,G-970:c0000|G-970:c0028|G-970:c0080,G-970:c0003|G-970:c0034|G-970:c0058,G-970:c0000|G-970:c0028|G-970:c0080,G-970:c0003|G-970:c0034|G-970:c0058,123.75659799575806,79.8997997045517,123.75659799575806,43.85679829120636,0.0,43.85679829120636,beneficial_reversal,43.85679829120636
G-970,104,500,602,G-000602.json,G-970:c0003|G-970:c0034|G-970:c0058,G-970:c0000|G-970:c0028|G-970:c0080,G-970:c0003|G-970:c0034|G-970:c0058,G-970:c0000|G-970:c0028|G-970:c0080,G-970:c0003|G-970:c0034|G-970:c0058,123.75659799575806,79.8997997045517,123.75659799575806,43.85679829120636,0.0,43.85679829120636,beneficial_reversal,43.85679829120636
G-970,101,50,475,G-000475.json,G-970:c0003|G-970:c0034|G-970:c0058,G-970:c0000|G-970:c0028|G-970:c0080,G-970:c0003|G-970:c0034|G-970:c0058,G-970:c0000|G-970:c0028|G-970:c0080,G-970:c0003|G-970:c0034|G-970:c0058,127.25760126113892,83.43559962511063,127.25760126113892,43.82200163602829,0.0,43.82200163602829,beneficial_reversal,43.82200163602829
G-970,103,50,475,G-000475.json,G-970:c0003|G-970:c0034|G-970:c0058,G-970:c0000|G-970:c0028|G-970:c0080,G-970:c0003|G-970:c0034|G-970:c0058,G-970:c0000|G-970:c0028|G-970:c0080,G-970:c0003|G-970:c0034|G-970:c0058,127.25760126113892,83.43559962511063,127.25760126113892,43.82200163602829,0.0,43.82200163602829,beneficial_reversal,43.82200163602829
G-970,101,50,395,G-000395.json,G-970:c0003|G-970:c0034|G-970:c0058,G-970:c0000|G-970:c0028|G-970:c0080,G-970:c0003|G-970:c0005|G-970:c0034|G-970:c0036,G-970:c0000|G-970:c0028|G-970:c0080,G-970:c0003|G-970:c0005|G-970:c0034|G-970:c0036,126.58219909667969,78.88299947977066,120.6298987865448,47.69919961690903,5.952300310134888,41.74689930677414,beneficial_reversal,41.74689930677414
